image_id,sector_label,lat,lon,cluster
region_A_IMG_5419.jpg,0,31.26202778,34.80430556,0
region_A_IMG_5420.jpg,0,31.26209722,34.80433611,0
region_A_IMG_5421.jpg,0,31.26209722,34.80433611,0
region_A_IMG_5422.jpg,0,31.2621,34.80433611,0
region_A_IMG_5423.jpg,0,31.26209167,34.80437222,0
region_A_IMG_5424.jpg,0,31.26208333,34.80437778,0
region_A_IMG_5425.jpg,0,31.26209167,34.80437778,0
region_A_IMG_5426.jpg,0,31.26206944,34.80438333,0
region_A_IMG_5427.jpg,0,31.26206667,34.80438333,0
region_A_IMG_5428.jpg,0,31.26206667,34.804375,0
region_A_IMG_5429.jpg,0,31.26206667,34.804375,0
region_A_IMG_5430.jpg,0,31.26206667,34.804375,0
region_A_IMG_5431.jpg,0,31.26206667,34.804375,0
region_A_IMG_5432.jpg,0,31.262075,34.80436667,0
region_A_IMG_5433.jpg,0,31.26206944,34.80438889,0
region_A_IMG_5461.jpg,0,31.26214167,34.804275,0
region_A_IMG_5462.jpg,0,31.26214167,34.804275,0
region_A_IMG_5463.jpg,0,31.26214167,34.804275,0
region_A_IMG_5464.jpg,0,31.26214167,34.804275,0
region_A_IMG_5466.jpg,0,31.26213889,34.80429444,0
region_A_IMG_5467.jpg,0,31.26214167,34.80429167,0
region_A_IMG_5468.jpg,0,31.26214167,34.80429444,0
region_A_IMG_5471.jpg,0,31.26213889,34.80429444,0
region_A_IMG_5472.jpg,0,31.26214722,34.80428056,0
region_A_IMG_5473.jpg,0,31.26201389,34.80428611,0
region_A_IMG_5474.jpg,0,31.26201389,34.80428611,0
region_A_IMG_5475.jpg,0,31.26201667,34.804275,0
region_A_IMG_5476.jpg,0,31.26198333,34.80430278,0
region_A_IMG_5477.jpg,0,31.26200556,34.80428333,0
region_A_IMG_5478.jpg,0,31.26201389,34.80429444,0
region_A_IMG_5479.jpg,0,31.26201944,34.80429722,0
region_A_IMG_5480.jpg,0,31.26201111,34.80429444,0
region_A_IMG_5481.jpg,0,31.26200556,34.80429722,0
region_A_IMG_5482.jpg,0,31.26201111,34.80429167,0
region_A_IMG_5483.jpg,0,31.26200556,34.80429722,0
region_A_IMG_5484.jpg,0,31.26201111,34.80428611,0
region_A_IMG_5485.jpg,0,31.26183889,34.80428611,1
region_A_IMG_5486.jpg,0,31.26183889,34.80428611,1
region_A_IMG_5487.jpg,0,31.2618,34.80429444,1
region_A_IMG_5488.jpg,0,31.26184167,34.80429722,1
region_A_IMG_5489.jpg,0,31.261825,34.80430556,1
region_A_IMG_5490.jpg,0,31.26184167,34.80430278,1
region_A_IMG_5491.jpg,0,31.26184167,34.80430278,1
region_A_IMG_5492.jpg,0,31.26184167,34.80430278,1
region_A_IMG_5493.jpg,0,31.26184167,34.80429722,1
region_A_IMG_5494.jpg,0,31.26183889,34.80429722,1
region_A_IMG_5495.jpg,0,31.26183611,34.80429167,1
region_A_IMG_5496.jpg,0,31.26183611,34.80429167,1
region_A_IMG_5502.jpg,0,31.26180556,34.80413333,1
region_A_IMG_5503.jpg,0,31.26181111,34.80413056,1
region_A_IMG_5506.jpg,0,31.26180556,34.80413056,1
region_A_IMG_5507.jpg,0,31.26186944,34.804225,1
region_A_IMG_5508.jpg,0,31.26183611,34.80423611,1
region_A_IMG_5509.jpg,0,31.26183611,34.80423611,1
region_A_IMG_5520.jpg,0,31.26184722,34.80395833,0
region_A_IMG_5523.jpg,0,31.26186667,34.80395,0
region_A_IMG_5524.jpg,0,31.261875,34.80396389,0
region_A_IMG_5549.jpg,0,31.26198889,34.80396667,0
region_A_IMG_5550.jpg,0,31.26199444,34.80393889,0
region_A_IMG_5551.jpg,0,31.26199167,34.80393889,0
region_A_IMG_5552.jpg,0,31.26198889,34.80394722,0
region_A_IMG_5553.jpg,0,31.26198889,34.80395,0
region_A_IMG_5554.jpg,0,31.26198333,34.80395,0
region_A_IMG_5555.jpg,0,31.26198889,34.80394444,0
region_A_IMG_5556.jpg,0,31.26198611,34.80394444,0
region_A_IMG_5557.jpg,0,31.26198333,34.80394444,0
region_A_IMG_5558.jpg,0,31.26198056,34.80394444,0
region_A_IMG_5559.jpg,0,31.26198056,34.80394444,0
region_A_IMG_5560.jpg,0,31.26197778,34.80394722,0
region_A_IMG_5561.jpg,0,31.26197778,34.80395,0
region_A_IMG_5562.jpg,0,31.261975,34.80395556,0
region_A_IMG_5563.jpg,0,31.26197778,34.80396389,0
region_A_IMG_5564.jpg,0,31.26198056,34.80396667,0
region_A_IMG_5565.jpg,0,31.26214167,34.80393889,0
region_A_IMG_5566.jpg,0,31.26214167,34.80393889,0
region_A_IMG_5567.jpg,0,31.26214167,34.80393889,0
region_A_IMG_5568.jpg,0,31.26214167,34.80393889,0
region_A_IMG_5569.jpg,0,31.26213889,34.80393889,0
region_A_IMG_5570.jpg,0,31.26213889,34.80393611,0
region_A_IMG_5571.jpg,0,31.26213889,34.80393611,0
region_A_IMG_5572.jpg,0,31.26213889,34.80393333,0
region_A_IMG_5576.jpg,0,31.26213333,34.80393333,0
region_A_IMG_5577.jpg,0,31.26213611,34.80394444,0
region_A_IMG_5578.jpg,0,31.26213611,34.80394444,0
region_A_IMG_5579.jpg,0,31.26211667,34.804,0
region_A_IMG_5580.jpg,0,31.26209722,34.80401667,0
region_A_IMG_5581.jpg,0,31.26208056,34.80402778,0
region_A_IMG_5591.jpg,0,31.26208611,34.80406667,0
region_A_IMG_5592.jpg,0,31.26208611,34.80406667,0
region_A_IMG_5593.jpg,0,31.26208611,34.80406667,0
region_A_IMG_5594.jpg,0,31.26208056,34.80406111,0
region_A_IMG_5595.jpg,0,31.26208056,34.80406111,0
region_A_IMG_5596.jpg,0,31.26213889,34.80394444,0
region_A_IMG_5617.jpg,0,31.26204722,34.80424167,0
region_A_IMG_5618.jpg,0,31.26205556,34.80424167,0
region_A_IMG_5619.jpg,0,31.26205556,34.80424167,0
region_A_IMG_5620.jpg,0,31.26205556,34.80424167,0
region_A_IMG_5621.jpg,0,31.26205556,34.80424444,0
region_A_IMG_5622.jpg,0,31.26205833,34.80424444,0
region_A_IMG_5623.jpg,0,31.26206111,34.80425,0
region_A_IMG_5624.jpg,0,31.26205833,34.80425556,0
region_A_IMG_5625.jpg,0,31.26205278,34.80425278,0
region_A_IMG_5626.jpg,0,31.26205556,34.80425,0
region_A_IMG_5627.jpg,0,31.26204167,34.80423056,0
region_A_IMG_5628.jpg,0,31.26204167,34.80423056,0
region_A_IMG_5629.jpg,0,31.26196944,34.80425278,0
region_A_IMG_5630.jpg,0,31.26196389,34.80425278,0
region_A_IMG_5631.jpg,0,31.26196389,34.80425278,0
region_A_IMG_5632.jpg,0,31.26196667,34.80425,0
region_A_IMG_5633.jpg,0,31.26196944,34.80425,0
region_A_IMG_5634.jpg,0,31.26196944,34.80425,0
region_A_IMG_5635.jpg,0,31.26196944,34.80425278,0
region_A_IMG_5636.jpg,0,31.26196944,34.80425278,0
region_A_IMG_5637.jpg,0,31.261975,34.80425278,0
region_A_IMG_5638.jpg,0,31.26191111,34.80427222,1
region_A_IMG_5639.jpg,0,31.26190278,34.80427222,1
region_A_IMG_5640.jpg,0,31.26190278,34.80426389,1
region_A_IMG_5641.jpg,0,31.26190278,34.80426389,1
region_A_IMG_5642.jpg,0,31.26189444,34.80426111,1
region_A_IMG_5643.jpg,0,31.26189444,34.80425556,1
region_A_IMG_5644.jpg,0,31.26189444,34.80425556,1
region_A_IMG_5645.jpg,0,31.26189167,34.80426111,1
region_A_IMG_5646.jpg,0,31.26188889,34.80426111,1
region_A_IMG_5647.jpg,0,31.26187222,34.80420278,1
region_A_IMG_5648.jpg,0,31.26187222,34.80420278,1
region_A_IMG_5649.jpg,0,31.26187222,34.80419444,1
region_A_IMG_5650.jpg,0,31.26187222,34.80419444,1
region_A_IMG_5651.jpg,0,31.26187222,34.80419444,1
region_A_IMG_5652.jpg,0,31.26186944,34.80421389,1
region_A_IMG_5653.jpg,0,31.26186667,34.80420556,1
region_A_IMG_5654.jpg,0,31.26186944,34.80421111,1
region_A_IMG_5655.jpg,0,31.26187778,34.80421111,1
region_A_IMG_5656.jpg,0,31.26186944,34.80421944,1
region_A_IMG_5657.jpg,0,31.26185278,34.80422222,1
region_A_IMG_5658.jpg,0,31.26190278,34.80416944,0
region_A_IMG_5659.jpg,0,31.26190278,34.80416944,0
region_A_IMG_5660.jpg,0,31.26190278,34.80417222,0
region_A_IMG_5661.jpg,0,31.26190556,34.80417222,0
region_A_IMG_5662.jpg,0,31.26190556,34.80416944,0
region_A_IMG_5663.jpg,0,31.26190278,34.80416944,0
region_A_IMG_5664.jpg,0,31.26190278,34.80416944,0
region_A_IMG_5665.jpg,0,31.26190278,34.80416389,0
region_A_IMG_5666.jpg,0,31.2619,34.80415,0
region_A_IMG_5667.jpg,0,31.26189444,34.80413889,0
region_A_IMG_5668.jpg,0,31.26189444,34.80413889,0
region_A_IMG_5669.jpg,0,31.26189444,34.80413889,0
region_A_IMG_5670.jpg,0,31.26189444,34.80413889,0
region_A_IMG_5671.jpg,0,31.26192222,34.80421111,1
region_A_IMG_5672.jpg,0,31.26189722,34.804275,1
region_A_IMG_5673.jpg,0,31.26189722,34.804275,1
region_A_IMG_5674.jpg,0,31.26196111,34.80418889,0
region_A_IMG_5675.jpg,0,31.26206111,34.80416111,0
region_A_IMG_5676.jpg,0,31.26206111,34.80416111,0
region_A_IMG_5677.jpg,0,31.262025,34.80415278,0
region_A_IMG_5678.jpg,0,31.26201111,34.80414167,0
region_A_IMG_5679.jpg,0,31.26201667,34.80414167,0
region_A_IMG_5680.jpg,0,31.262025,34.80414444,0
region_A_IMG_5681.jpg,0,31.26201944,34.80415,0
region_A_IMG_5682.jpg,0,31.26201667,34.80414444,0
region_A_IMG_5683.jpg,0,31.26211667,34.80421389,0
region_A_IMG_5684.jpg,0,31.26211389,34.80421111,0
region_A_IMG_5685.jpg,0,31.26211111,34.80421111,0
region_A_IMG_5686.jpg,0,31.26210833,34.80421111,0
region_A_IMG_5687.jpg,0,31.26210278,34.80421389,0
region_A_IMG_5688.jpg,0,31.26210278,34.80421389,0
region_A_IMG_5689.jpg,0,31.26208611,34.80422222,0
region_A_IMG_5690.jpg,0,31.26208333,34.80421944,0
region_A_IMG_5691.jpg,0,31.26208333,34.80421944,0
region_A_IMG_5692.jpg,0,31.26208333,34.80421944,0
region_A_IMG_5693.jpg,0,31.26206111,34.80423611,0
region_A_IMG_5694.jpg,0,31.26207222,34.80423333,0
region_A_IMG_5695.jpg,0,31.26208056,34.80408889,0
region_A_IMG_5696.jpg,0,31.26208333,34.80409167,0
region_A_IMG_5697.jpg,0,31.26207778,34.80408889,0
region_A_IMG_5698.jpg,0,31.26206111,34.80406667,0
region_A_IMG_5699.jpg,0,31.26205556,34.80406944,0
region_A_IMG_5700.jpg,0,31.26205278,34.80406111,0
region_A_IMG_5701.jpg,0,31.26206111,34.80406111,0
region_A_IMG_5702.jpg,0,31.26205278,34.80406111,0
region_A_IMG_5703.jpg,0,31.26206111,34.80406667,0
region_A_IMG_5704.jpg,0,31.26206111,34.80408889,0
region_A_IMG_5705.jpg,0,31.26205,34.80407222,0
region_A_IMG_5706.jpg,0,31.26206667,34.80408889,0
region_A_IMG_5707.jpg,0,31.26207222,34.80408889,0
region_A_IMG_5708.jpg,0,31.26195833,34.80408056,0
region_A_IMG_5709.jpg,0,31.26194722,34.80409722,0
region_A_IMG_5710.jpg,0,31.26189722,34.80409722,0
region_A_IMG_5711.jpg,0,31.26189722,34.80409167,0
region_A_IMG_5712.jpg,0,31.26191944,34.80408056,0
region_A_IMG_5713.jpg,0,31.26192222,34.80407778,0
region_A_IMG_5714.jpg,0,31.26192778,34.80407778,0
region_A_IMG_5715.jpg,0,31.26195278,34.80408611,0
region_A_IMG_5716.jpg,0,31.26195833,34.80408889,0
region_A_IMG_5717.jpg,0,31.26198889,34.80406944,0
region_A_IMG_5718.jpg,0,31.26198056,34.80406944,0
region_A_IMG_5719.jpg,0,31.26198056,34.80406944,0
region_A_IMG_5720.jpg,0,31.26200556,34.80396389,0
region_A_IMG_5721.jpg,0,31.26200556,34.80396667,0
region_A_IMG_5722.jpg,0,31.26190278,34.80408889,0
region_A_IMG_5723.jpg,0,31.26189722,34.80403611,0
region_A_IMG_5724.jpg,0,31.26193333,34.80403611,0
region_A_IMG_5725.jpg,0,31.26193333,34.80403611,0
region_A_IMG_5726.jpg,0,31.26191111,34.80404167,0
region_A_IMG_5727.jpg,0,31.26191389,34.80404167,0
region_A_IMG_5728.jpg,0,31.26190833,34.80403056,0
region_A_IMG_5729.jpg,0,31.26190278,34.80403611,0
region_A_IMG_5730.jpg,0,31.26186389,34.80401667,0
region_A_IMG_5731.jpg,0,31.26186111,34.80402778,0
region_A_IMG_5732.jpg,0,31.26185556,34.80404167,0
region_A_IMG_5733.jpg,0,31.26196111,34.80401944,0
region_A_IMG_5734.jpg,0,31.26196944,34.80401111,0
region_A_IMG_5735.jpg,0,31.26193889,34.80403889,0
region_A_IMG_5736.jpg,0,31.26193333,34.80403889,0
region_A_IMG_5737.jpg,0,31.26191389,34.80402778,0
region_A_IMG_5738.jpg,0,31.26194444,34.80404722,0
region_A_IMG_5739.jpg,0,31.26195278,34.80402778,0
region_A_IMG_5740.jpg,0,31.26195278,34.804025,0
region_A_IMG_5741.jpg,0,31.26196944,34.80401111,0
region_A_IMG_5742.jpg,0,31.26197778,34.80401667,0
region_A_IMG_5743.jpg,0,31.26199722,34.804025,0
region_A_IMG_5744.jpg,0,31.26199444,34.80403056,0
region_A_IMG_5745.jpg,0,31.262,34.80401111,0
region_A_IMG_5746.jpg,0,31.26201389,34.80401111,0
region_A_IMG_5747.jpg,0,31.26200833,34.80400833,0
region_A_IMG_5748.jpg,0,31.262,34.80401944,0
region_A_IMG_5749.jpg,0,31.26199167,34.80400833,0
region_A_IMG_5750.jpg,0,31.26199444,34.804,0
region_A_IMG_5751.jpg,0,31.26199444,34.804,0
region_A_IMG_5752.jpg,0,31.26199444,34.804,0
region_A_IMG_5753.jpg,0,31.26199722,34.804,0
region_A_IMG_5754.jpg,0,31.26199722,34.80398889,0
region_A_IMG_5755.jpg,0,31.26199722,34.804,0
region_A_IMG_5756.jpg,0,31.26199722,34.804,0
region_A_IMG_5757.jpg,0,31.26201111,34.804,0
region_A_IMG_5758.jpg,0,31.26198611,34.80409167,0
region_A_IMG_5759.jpg,0,31.26203611,34.80400833,0
region_A_IMG_5760.jpg,0,31.26201667,34.80402778,0
region_A_IMG_5761.jpg,0,31.26204444,34.80399722,0
region_A_IMG_5762.jpg,0,31.26206667,34.80399444,0
region_B_IMG_20260111_153235.jpg,1,31.2618325,34.8034915,2
region_B_IMG_20260111_153239.jpg,1,31.2618325,34.8034915,2
region_B_IMG_20260111_153242.jpg,1,31.2618325,34.8034915,2
region_B_IMG_20260111_153245.jpg,1,31.2618325,34.8034915,2
region_B_IMG_20260111_153249.jpg,1,31.2618325,34.8034915,2
region_B_IMG_20260111_153252.jpg,1,31.261834,34.8034655,2
region_B_IMG_20260111_153256.jpg,1,31.261834,34.8034655,2
region_B_IMG_20260111_153259.jpg,1,31.261834,34.8034655,2
region_B_IMG_20260111_153303.jpg,1,31.261834,34.8034655,2
region_B_IMG_20260111_153306.jpg,1,31.261834,34.8034655,2
region_B_IMG_20260111_153310.jpg,1,31.261834,34.8034655,2
region_B_IMG_20260111_153313.jpg,1,31.2618797,34.8034065,2
region_B_IMG_20260111_153316.jpg,1,31.2618797,34.8034065,2
region_B_IMG_20260111_153319.jpg,1,31.2618797,34.8034065,2
region_B_IMG_20260111_153323.jpg,1,31.2618797,34.8034065,2
region_B_IMG_20260111_153328.jpg,1,31.2618797,34.8034065,2
region_B_IMG_20260111_153332.jpg,1,31.2618724,34.8034809,2
region_B_IMG_20260111_153334.jpg,1,31.2618724,34.8034809,2
region_B_IMG_20260111_153337.jpg,1,31.2618724,34.8034809,2
region_B_IMG_20260111_153341.jpg,1,31.2618724,34.8034809,2
region_B_IMG_20260111_153344.jpg,1,31.2618724,34.8034809,2
region_B_IMG_20260111_153347.jpg,1,31.2618724,34.8034809,2
region_B_IMG_20260111_153350.jpg,1,31.2618724,34.8034809,2
region_B_IMG_20260111_153353.jpg,1,31.2618481,34.8035005,2
region_B_IMG_20260111_153356.jpg,1,31.2618481,34.8035005,2
region_B_IMG_20260111_153359.jpg,1,31.2618481,34.8035005,2
region_B_IMG_20260111_153402.jpg,1,31.2618481,34.8035005,2
region_B_IMG_20260111_153405.jpg,1,31.2618481,34.8035005,2
region_B_IMG_20260111_153408.jpg,1,31.2618481,34.8035005,2
region_B_IMG_20260111_153425.jpg,1,31.2618246,34.8035158,2
region_B_IMG_20260111_153429.jpg,1,31.2618246,34.8035158,2
region_B_IMG_20260111_153431.jpg,1,31.2618373,34.8034653,2
region_B_IMG_20260111_153434.jpg,1,31.2618373,34.8034653,2
region_B_IMG_20260111_153437.jpg,1,31.2618373,34.8034653,2
region_B_IMG_20260111_153440.jpg,1,31.2618373,34.8034653,2
region_B_IMG_20260111_153443.jpg,1,31.2618373,34.8034653,2
region_B_IMG_20260111_153447.jpg,1,31.2618373,34.8034653,2
region_B_IMG_20260111_153450.jpg,1,31.2618373,34.8034653,2
region_B_IMG_20260111_153454.jpg,1,31.2619424,34.8035294,2
region_B_IMG_20260111_153457.jpg,1,31.2619424,34.8035294,2
region_B_IMG_20260111_153500.jpg,1,31.2619424,34.8035294,2
region_B_IMG_20260111_153502.jpg,1,31.2619424,34.8035294,2
region_B_IMG_20260111_153505.jpg,1,31.2619424,34.8035294,2
region_B_IMG_20260111_153508.jpg,1,31.2619424,34.8035294,2
region_B_IMG_20260111_153511.jpg,1,31.2621134,34.8036024,3
region_B_IMG_20260111_153514.jpg,1,31.2621134,34.8036024,3
region_B_IMG_20260111_153517.jpg,1,31.2621134,34.8036024,3
region_B_IMG_20260111_153520.jpg,1,31.2621134,34.8036024,3
region_B_IMG_20260111_153524.jpg,1,31.2621134,34.8036024,3
region_B_IMG_20260111_153527.jpg,1,31.2621134,34.8036024,3
region_B_IMG_20260111_153530.jpg,1,31.2621134,34.8036024,3
region_B_IMG_20260111_153536.jpg,1,31.2621559,34.8035485,3
region_B_IMG_20260111_153539.jpg,1,31.2621559,34.8035485,3
region_B_IMG_20260111_153542.jpg,1,31.2621559,34.8035485,3
region_B_IMG_20260111_153545.jpg,1,31.2621559,34.8035485,3
region_B_IMG_20260111_153548.jpg,1,31.2621559,34.8035485,3
region_B_IMG_20260111_153551.jpg,1,31.2621287,34.8035558,3
region_B_IMG_20260111_153555.jpg,1,31.2621287,34.8035558,3
region_B_IMG_20260111_153557.jpg,1,31.2621287,34.8035558,3
region_B_IMG_20260111_153601.jpg,1,31.2621287,34.8035558,3
region_B_IMG_20260111_153604.jpg,1,31.2621287,34.8035558,3
region_B_IMG_20260111_153607.jpg,1,31.2621287,34.8035558,3
region_B_IMG_20260111_153611.jpg,1,31.2621287,34.8035558,3
region_B_IMG_20260111_153614.jpg,1,31.2620429,34.8035081,3
region_B_IMG_20260111_153618.jpg,1,31.2620429,34.8035081,3
region_B_IMG_20260111_153621.jpg,1,31.2620429,34.8035081,3
region_B_IMG_20260111_153624.jpg,1,31.2620429,34.8035081,3
region_B_IMG_20260111_153627.jpg,1,31.2620429,34.8035081,3
region_B_IMG_20260111_153631.jpg,1,31.2620429,34.8035081,3
region_B_IMG_20260111_153634.jpg,1,31.2618563,34.8034777,2
region_B_IMG_20260111_153637.jpg,1,31.2618563,34.8034777,2
region_B_IMG_20260111_153641.jpg,1,31.2618563,34.8034777,2
region_B_IMG_20260111_153644.jpg,1,31.2618563,34.8034777,2
region_B_IMG_20260111_153738.jpg,1,31.2619805,34.8035136,3
region_B_IMG_20260111_153741.jpg,1,31.2619805,34.8035136,3
region_B_IMG_20260111_153744.jpg,1,31.2619805,34.8035136,3
region_B_IMG_20260111_153747.jpg,1,31.2619805,34.8035136,3
region_B_IMG_20260111_153750.jpg,1,31.2619805,34.8035136,3
region_B_IMG_20260111_153814.jpg,1,31.2621323,34.8035488,3
region_B_IMG_20260111_153817.jpg,1,31.2621323,34.8035488,3
region_B_IMG_20260111_153821.jpg,1,31.2621323,34.8035488,3
region_B_IMG_20260111_153824.jpg,1,31.2621323,34.8035488,3
region_B_IMG_20260111_153827.jpg,1,31.2621323,34.8035488,3
region_B_IMG_20260111_153830.jpg,1,31.2621323,34.8035488,3
region_B_IMG_20260111_153834.jpg,1,31.2621462,34.8032762,3
region_B_IMG_20260111_153837.jpg,1,31.2621462,34.8032762,3
region_B_IMG_20260111_153843.jpg,1,31.2621462,34.8032762,3
region_B_IMG_20260111_153846.jpg,1,31.2621462,34.8032762,3
region_B_IMG_20260111_153849.jpg,1,31.2621462,34.8032762,3
region_B_IMG_20260111_153853.jpg,1,31.2621374,34.8034166,3
region_B_IMG_20260111_153856.jpg,1,31.2621374,34.8034166,3
region_B_IMG_20260111_153859.jpg,1,31.2621374,34.8034166,3
region_B_IMG_20260111_153902.jpg,1,31.2621374,34.8034166,3
region_B_IMG_20260111_153905.jpg,1,31.2621374,34.8034166,3
region_B_IMG_20260111_153909.jpg,1,31.2621374,34.8034166,3
region_B_IMG_20260111_153912.jpg,1,31.2620977,34.803352,3
region_B_IMG_20260111_153914.jpg,1,31.2620977,34.803352,3
region_B_IMG_20260111_153917.jpg,1,31.2620977,34.803352,3
region_B_IMG_20260111_153920.jpg,1,31.2620977,34.803352,3
region_B_IMG_20260111_153923.jpg,1,31.2620977,34.803352,3
region_B_IMG_20260111_153927.jpg,1,31.2620977,34.803352,3
region_B_IMG_20260111_153930.jpg,1,31.2620977,34.803352,3
region_B_IMG_20260111_154036.jpg,1,31.2621076,34.8033152,3
region_B_IMG_20260111_154039.jpg,1,31.2621076,34.8033152,3
region_B_IMG_20260111_154043.jpg,1,31.2621076,34.8033152,3
region_B_IMG_20260111_154052.jpg,1,31.2621155,34.8033679,3
region_B_IMG_20260111_154055.jpg,1,31.2621155,34.8033679,3
region_B_IMG_20260111_154058.jpg,1,31.2621155,34.8033679,3
region_B_IMG_20260111_154102.jpg,1,31.2621155,34.8033679,3
region_B_IMG_20260111_154105.jpg,1,31.2621155,34.8033679,3
region_B_IMG_20260111_154108.jpg,1,31.2621155,34.8033679,3
region_B_IMG_20260111_154112.jpg,1,31.2620997,34.8034414,3
region_B_IMG_20260111_154117.jpg,1,31.2620997,34.8034414,3
region_B_IMG_20260111_154120.jpg,1,31.2620997,34.8034414,3
region_B_IMG_20260111_154123.jpg,1,31.2620997,34.8034414,3
region_B_IMG_20260111_154124.jpg,1,31.2620997,34.8034414,3
region_B_IMG_20260111_154127.jpg,1,31.2620997,34.8034414,3
region_B_IMG_20260111_154130.jpg,1,31.2620997,34.8034414,3
region_B_IMG_20260111_154133.jpg,1,31.2621453,34.8036001,3
region_B_IMG_20260111_154141.jpg,1,31.2621453,34.8036001,3
region_B_IMG_20260111_154144.jpg,1,31.2621453,34.8036001,3
region_B_IMG_20260111_154147.jpg,1,31.2621453,34.8036001,3
region_B_IMG_20260111_154155.jpg,1,31.2621467,34.8035706,3
region_B_IMG_20260111_154159.jpg,1,31.2621467,34.8035706,3
region_B_IMG_20260111_154203.jpg,1,31.2621467,34.8035706,3
region_B_IMG_20260111_154206.jpg,1,31.2621467,34.8035706,3
region_B_IMG_20260111_154210.jpg,1,31.2621467,34.8035706,3
region_B_IMG_20260111_154213.jpg,1,31.2621697,34.8034269,3
region_B_IMG_20260111_154217.jpg,1,31.2621697,34.8034269,3
region_B_IMG_20260111_154224.jpg,1,31.2621697,34.8034269,3
region_B_IMG_20260111_154227.jpg,1,31.2621697,34.8034269,3
region_B_IMG_20260111_154231.jpg,1,31.2621697,34.8034269,3
region_B_IMG_20260111_154234.jpg,1,31.2621618,34.8032655,3
region_B_IMG_20260111_154237.jpg,1,31.2621618,34.8032655,3
region_B_IMG_20260111_154241.jpg,1,31.2621618,34.8032655,3
region_B_IMG_20260111_154258.jpg,1,31.2621232,34.8033135,3
region_B_IMG_20260111_154302.jpg,1,31.2621232,34.8033135,3
region_B_IMG_20260111_154306.jpg,1,31.2621232,34.8033135,3
region_B_IMG_20260111_154309.jpg,1,31.2621232,34.8033135,3
region_B_IMG_20260111_154313.jpg,1,31.2620725,34.8035104,3
region_B_IMG_20260111_154316.jpg,1,31.2620725,34.8035104,3
region_B_IMG_20260111_154320.jpg,1,31.2620725,34.8035104,3
region_B_IMG_20260111_154323.jpg,1,31.2620725,34.8035104,3
region_B_IMG_20260111_154326.jpg,1,31.2620725,34.8035104,3
region_B_IMG_20260111_154329.jpg,1,31.2620725,34.8035104,3
region_B_IMG_20260111_154332.jpg,1,31.262105,34.8035132,3
region_B_IMG_20260111_154335.jpg,1,31.262105,34.8035132,3
region_B_IMG_20260111_154339.jpg,1,31.262105,34.8035132,3
region_B_IMG_20260111_154343.jpg,1,31.262105,34.8035132,3
region_B_IMG_20260111_154347.jpg,1,31.262105,34.8035132,3
region_B_IMG_20260111_154353.jpg,1,31.2621297,34.8035914,3
region_B_IMG_20260111_154410.jpg,1,31.2621297,34.8035914,3
region_B_IMG_20260111_154412.jpg,1,31.2621228,34.8035832,3
region_B_IMG_20260111_154416.jpg,1,31.2621228,34.8035832,3
region_B_IMG_20260111_154424.jpg,1,31.2621228,34.8035832,3
region_B_IMG_20260111_154429.jpg,1,31.2621228,34.8035832,3
region_B_IMG_20260111_154431.jpg,1,31.2621344,34.803524,3
region_B_IMG_20260111_154438.jpg,1,31.2621344,34.803524,3
region_B_IMG_20260111_154441.jpg,1,31.2621344,34.803524,3
region_B_IMG_20260111_154444.jpg,1,31.2621344,34.803524,3
region_B_IMG_20260111_154448.jpg,1,31.2621344,34.803524,3
region_B_IMG_20260111_154450.jpg,1,31.2621344,34.803524,3
region_B_IMG_20260111_154453.jpg,1,31.2621449,34.8034572,3
region_B_IMG_20260111_154457.jpg,1,31.2621449,34.8034572,3
region_B_IMG_20260111_154500.jpg,1,31.2621449,34.8034572,3
region_B_IMG_20260111_154502.jpg,1,31.2621449,34.8034572,3
region_B_IMG_20260111_154507.jpg,1,31.2621449,34.8034572,3
region_B_IMG_20260111_154516.jpg,1,31.2621396,34.803408,3
region_B_IMG_20260111_154518.jpg,1,31.2621396,34.803408,3
region_B_IMG_20260111_154523.jpg,1,31.2621396,34.803408,3
region_B_IMG_20260111_154525.jpg,1,31.2621396,34.803408,3
region_B_IMG_20260111_154527.jpg,1,31.2621396,34.803408,3
region_B_IMG_20260111_154531.jpg,1,31.2621396,34.803408,3
region_B_IMG_20260111_154533.jpg,1,31.2621343,34.8033581,3
region_B_IMG_20260111_154535.jpg,1,31.2621343,34.8033581,3
region_B_IMG_20260111_154539.jpg,1,31.2621343,34.8033581,3
region_B_IMG_20260111_154541.jpg,1,31.2621343,34.8033581,3
region_B_IMG_20260111_154543.jpg,1,31.2621343,34.8033581,3
region_B_IMG_20260111_154547.jpg,1,31.2621343,34.8033581,3
region_B_IMG_20260111_154549.jpg,1,31.2621343,34.8033581,3
region_B_IMG_20260111_154552.jpg,1,31.2621704,34.8033078,3
region_B_IMG_20260111_154556.jpg,1,31.2621704,34.8033078,3
region_B_IMG_20260111_154558.jpg,1,31.2621704,34.8033078,3
region_B_IMG_20260111_154601.jpg,1,31.2621704,34.8033078,3
region_B_IMG_20260111_154608.jpg,1,31.2621704,34.8033078,3
region_B_IMG_20260111_154612.jpg,1,31.2621554,34.8032769,3
region_B_IMG_20260111_154614.jpg,1,31.2621554,34.8032769,3
region_B_IMG_20260111_154637.jpg,1,31.262126,34.8033704,3
region_B_IMG_20260111_154639.jpg,1,31.262126,34.8033704,3
region_B_IMG_20260111_154641.jpg,1,31.262126,34.8033704,3
region_B_IMG_20260111_154643.jpg,1,31.262126,34.8033704,3
region_B_IMG_20260111_154649.jpg,1,31.262126,34.8033704,3
region_B_IMG_20260111_154651.jpg,1,31.262126,34.8033704,3
region_B_IMG_20260111_154654.jpg,1,31.26212,34.80356,3
region_B_IMG_20260111_154656.jpg,1,31.26212,34.80356,3
region_B_IMG_20260111_154738.jpg,1,31.26211667,34.80327667,3
region_B_IMG_20260111_154741.jpg,1,31.26211667,34.80327667,3
region_B_IMG_20260111_154743.jpg,1,31.26211667,34.80327667,3
region_B_IMG_20260111_154746.jpg,1,31.26211667,34.80327667,3
region_B_IMG_20260111_154752.jpg,1,31.2621383,34.8034271,3
region_B_IMG_20260111_154755.jpg,1,31.2621383,34.8034271,3
region_B_IMG_20260111_154759.jpg,1,31.2621383,34.8034271,3
region_B_IMG_20260111_154802.jpg,1,31.2621383,34.8034271,3
region_B_IMG_20260111_154808.jpg,1,31.2621271,34.8035547,3
region_B_IMG_20260111_154811.jpg,1,31.2621271,34.8035547,3
region_B_IMG_20260111_154813.jpg,1,31.2621271,34.8035547,3
region_B_IMG_20260111_154816.jpg,1,31.2621271,34.8035547,3
region_B_IMG_20260111_154822.jpg,1,31.2621271,34.8035547,3
region_B_IMG_20260111_154825.jpg,1,31.2621271,34.8035547,3
region_B_IMG_20260111_154827.jpg,1,31.2621271,34.8035547,3
region_B_IMG_20260111_154830.jpg,1,31.2621271,34.8035547,3
region_B_IMG_20260111_154835.jpg,1,31.2621271,34.8035547,3
region_B_IMG_20260111_154837.jpg,1,31.2621271,34.8035547,3
region_B_IMG_20260111_154839.jpg,1,31.2621271,34.8035547,3
region_B_IMG_20260111_154841.jpg,1,31.2621271,34.8035547,3
region_B_IMG_20260111_154847.jpg,1,31.2621271,34.8035547,3
region_B_IMG_20260111_154849.jpg,1,31.2621271,34.8035547,3
region_B_IMG_20260111_154851.jpg,1,31.2621271,34.8035547,3
region_B_IMG_20260111_154854.jpg,1,31.2621271,34.8035547,3
region_B_IMG_20260111_154901.jpg,1,31.2621271,34.8035547,3
region_B_IMG_20260111_154904.jpg,1,31.2621271,34.8035547,3
region_B_IMG_20260111_154907.jpg,1,31.2621271,34.8035547,3
region_B_IMG_20260111_154909.jpg,1,31.2621271,34.8035547,3
region_B_IMG_20260111_154915.jpg,1,31.2621271,34.8035547,3
region_B_IMG_20260111_154921.jpg,1,31.2621271,34.8035547,3
region_B_IMG_20260111_154924.jpg,1,31.2621271,34.8035547,3
region_B_IMG_20260111_154927.jpg,1,31.2621271,34.8035547,3
region_B_IMG_20260111_154958.jpg,1,31.2621361,34.803586,3
region_B_IMG_20260111_155006.jpg,1,31.2621329,34.8035789,3
region_B_IMG_20260111_155008.jpg,1,31.2621329,34.8035789,3
region_B_IMG_20260111_155011.jpg,1,31.2621329,34.8035789,3
region_B_IMG_20260111_155016.jpg,1,31.2621329,34.8035789,3
region_B_IMG_20260111_155019.jpg,1,31.2621329,34.8035789,3
region_B_IMG_20260111_155021.jpg,1,31.2621329,34.8035789,3
region_B_IMG_20260111_155024.jpg,1,31.2621329,34.8035789,3
region_B_IMG_20260111_155030.jpg,1,31.2621014,34.8035959,3
region_B_IMG_20260111_155033.jpg,1,31.2621014,34.8035959,3
region_B_IMG_20260111_155035.jpg,1,31.2621014,34.8035959,3
region_B_IMG_20260111_155038.jpg,1,31.2621014,34.8035959,3
region_B_IMG_20260111_155044.jpg,1,31.2620801,34.8034948,3
region_B_IMG_20260111_155047.jpg,1,31.2620801,34.8034948,3
region_B_IMG_20260111_155049.jpg,1,31.2620801,34.8034948,3
region_B_IMG_20260111_155052.jpg,1,31.2620801,34.8034948,3
region_B_IMG_20260111_155059.jpg,1,31.2620801,34.8034948,3
region_B_IMG_20260111_155102.jpg,1,31.2620801,34.8034948,3
region_B_IMG_20260111_155104.jpg,1,31.2621189,34.8035408,3
region_B_IMG_20260111_155107.jpg,1,31.2621189,34.8035408,3
region_B_IMG_20260111_155115.jpg,1,31.2621189,34.8035408,3
region_B_IMG_20260111_155117.jpg,1,31.2621189,34.8035408,3
region_B_IMG_20260111_155120.jpg,1,31.2621189,34.8035408,3
region_B_IMG_20260111_155122.jpg,1,31.2621189,34.8035408,3
region_B_IMG_20260111_155130.jpg,1,31.2620481,34.8035457,3
region_B_IMG_20260111_155132.jpg,1,31.2620481,34.8035457,3
region_B_IMG_20260111_155135.jpg,1,31.2620481,34.8035457,3
region_B_IMG_20260111_155138.jpg,1,31.2620481,34.8035457,3
region_B_IMG_20260111_155144.jpg,1,31.2620481,34.8035457,3
region_B_IMG_20260111_155146.jpg,1,31.2621156,34.803424,3
region_B_IMG_20260111_155148.jpg,1,31.2621156,34.803424,3
region_B_IMG_20260111_155150.jpg,1,31.2621156,34.803424,3
region_B_IMG_20260111_155155.jpg,1,31.2621156,34.803424,3
region_B_IMG_20260111_155158.jpg,1,31.2621156,34.803424,3
region_B_IMG_20260111_155200.jpg,1,31.2621156,34.803424,3
region_B_IMG_20260111_155203.jpg,1,31.2621156,34.803424,3
region_B_IMG_20260111_155209.jpg,1,31.2621326,34.8035838,3
region_B_IMG_20260111_155211.jpg,1,31.2621326,34.8035838,3
region_B_IMG_20260111_155213.jpg,1,31.2621326,34.8035838,3
region_B_IMG_20260111_155216.jpg,1,31.2621326,34.8035838,3
region_B_IMG_20260111_155223.jpg,1,31.2621326,34.8035838,3
region_B_IMG_20260111_155226.jpg,1,31.2621259,34.8035333,3
region_B_IMG_20260111_155228.jpg,1,31.2621259,34.8035333,3
region_B_IMG_20260111_155230.jpg,1,31.2621259,34.8035333,3
region_B_IMG_20260111_155235.jpg,1,31.2621259,34.8035333,3
region_B_IMG_20260111_155240.jpg,1,31.2621259,34.8035333,3
region_B_IMG_20260111_155243.jpg,1,31.2621259,34.8035333,3
region_B_IMG_20260111_155247.jpg,1,31.2621251,34.8035915,3
region_B_IMG_20260111_155254.jpg,1,31.2621251,34.8035915,3
region_B_IMG_20260111_155257.jpg,1,31.2621251,34.8035915,3
region_B_IMG_20260111_155306.jpg,1,31.2621395,34.8035434,3
region_B_IMG_20260111_155309.jpg,1,31.2621395,34.8035434,3
region_B_IMG_20260111_155321.jpg,1,31.2621395,34.8035434,3
region_B_IMG_20260111_155326.jpg,1,31.2621265,34.8035616,3
region_B_IMG_20260111_155329.jpg,1,31.2621265,34.8035616,3
region_B_IMG_20260111_155332.jpg,1,31.2621265,34.8035616,3
region_B_IMG_20260111_155338.jpg,1,31.2621265,34.8035616,3
region_B_IMG_20260111_155340.jpg,1,31.2621265,34.8035616,3
region_B_IMG_20260111_155343.jpg,1,31.2621265,34.8035616,3
region_B_IMG_20260111_155345.jpg,1,31.262049,34.803499,3
region_B_IMG_20260111_155357.jpg,1,31.262049,34.803499,3
region_B_IMG_20260111_155359.jpg,1,31.262049,34.803499,3
region_B_IMG_20260111_155401.jpg,1,31.262049,34.803499,3
region_B_IMG_20260111_155403.jpg,1,31.262049,34.803499,3
region_B_IMG_20260111_155409.jpg,1,31.2621,34.8035934,3
region_B_IMG_20260111_155412.jpg,1,31.2621,34.8035934,3
region_B_IMG_20260111_155414.jpg,1,31.2621,34.8035934,3
region_B_IMG_20260111_155416.jpg,1,31.2621,34.8035934,3
region_B_IMG_20260111_155421.jpg,1,31.2621,34.8035934,3
region_B_IMG_20260111_155424.jpg,1,31.2621,34.8035934,3
region_B_IMG_20260111_155426.jpg,1,31.2620989,34.8036029,3
region_B_IMG_20260111_155428.jpg,1,31.2620989,34.8036029,3
region_B_IMG_20260111_155434.jpg,1,31.2620989,34.8036029,3
region_B_IMG_20260111_155436.jpg,1,31.2620989,34.8036029,3
region_B_IMG_20260111_155439.jpg,1,31.2620989,34.8036029,3
region_B_IMG_20260111_155441.jpg,1,31.2620989,34.8036029,3
region_B_IMG_20260111_155447.jpg,1,31.2620863,34.803539,3
region_B_IMG_20260111_155449.jpg,1,31.2620863,34.803539,3
region_B_IMG_20260111_155452.jpg,1,31.2620863,34.803539,3
region_B_IMG_20260111_155455.jpg,1,31.2620863,34.803539,3
region_B_IMG_20260111_155503.jpg,1,31.2620863,34.803539,3
region_B_IMG_20260111_155505.jpg,1,31.2620244,34.8035889,3
region_B_IMG_20260111_155508.jpg,1,31.2620244,34.8035889,3
region_B_IMG_20260111_155510.jpg,1,31.2620244,34.8035889,3
region_B_IMG_20260111_155516.jpg,1,31.2620244,34.8035889,3
region_B_IMG_20260111_155519.jpg,1,31.2620244,34.8035889,3
region_B_IMG_20260111_155521.jpg,1,31.2620244,34.8035889,3
region_B_IMG_20260111_155524.jpg,1,31.2620244,34.8035889,3
region_B_IMG_20260111_155530.jpg,1,31.2620956,34.8035656,3
region_B_IMG_20260111_155533.jpg,1,31.2620956,34.8035656,3
region_B_IMG_20260111_155536.jpg,1,31.2620956,34.8035656,3
region_B_IMG_20260111_155538.jpg,1,31.2620956,34.8035656,3
region_B_IMG_20260111_155544.jpg,1,31.2620956,34.8035656,3
region_B_IMG_20260111_155547.jpg,1,31.261947,34.8035067,2
region_B_IMG_20260111_155549.jpg,1,31.261947,34.8035067,2
region_B_IMG_20260111_155552.jpg,1,31.261947,34.8035067,2
region_B_IMG_20260111_155558.jpg,1,31.261947,34.8035067,2
region_B_IMG_20260111_155600.jpg,1,31.261947,34.8035067,2
region_B_IMG_20260111_155603.jpg,1,31.261947,34.8035067,2
region_B_IMG_20260111_155605.jpg,1,31.2621152,34.8035848,3
region_B_IMG_20260111_155610.jpg,1,31.2621152,34.8035848,3
region_B_IMG_20260111_155613.jpg,1,31.2621152,34.8035848,3
region_B_IMG_20260111_155615.jpg,1,31.2621152,34.8035848,3
region_B_IMG_20260111_155618.jpg,1,31.2621152,34.8035848,3
region_B_IMG_20260111_155623.jpg,1,31.2621152,34.8035848,3
region_B_IMG_20260111_155625.jpg,1,31.2619732,34.8034679,3
region_B_IMG_20260111_155628.jpg,1,31.2619732,34.8034679,3
region_B_IMG_20260111_155630.jpg,1,31.2619732,34.8034679,3
region_B_IMG_20260111_155635.jpg,1,31.2619732,34.8034679,3
region_B_IMG_20260111_155638.jpg,1,31.2619732,34.8034679,3
region_B_IMG_20260111_155640.jpg,1,31.2619732,34.8034679,3
region_B_IMG_20260111_155643.jpg,1,31.2619732,34.8034679,3
region_B_IMG_20260111_155647.jpg,1,31.2621229,34.8035877,3
region_B_IMG_20260111_155650.jpg,1,31.2621229,34.8035877,3
region_B_IMG_20260111_155652.jpg,1,31.2621229,34.8035877,3
region_B_IMG_20260111_155655.jpg,1,31.2621229,34.8035877,3
region_B_IMG_20260111_155703.jpg,1,31.2621229,34.8035877,3
region_B_IMG_20260111_155705.jpg,1,31.2621286,34.8035477,3
region_B_IMG_20260111_155708.jpg,1,31.2621286,34.8035477,3
region_B_IMG_20260111_155711.jpg,1,31.2621286,34.8035477,3
region_B_IMG_20260111_155723.jpg,1,31.2621286,34.8035477,3
region_B_IMG_20260111_155725.jpg,1,31.2621012,34.8035739,3
region_B_IMG_20260111_155727.jpg,1,31.2621012,34.8035739,3
region_B_IMG_20260111_155729.jpg,1,31.2621012,34.8035739,3
region_B_IMG_20260111_155734.jpg,1,31.2621012,34.8035739,3
region_B_IMG_20260111_155738.jpg,1,31.2621012,34.8035739,3
region_B_IMG_20260111_155740.jpg,1,31.2621012,34.8035739,3
region_B_IMG_20260111_155743.jpg,1,31.2621012,34.8035739,3
region_B_IMG_20260111_155747.jpg,1,31.2621145,34.8035501,3
region_B_IMG_20260111_155750.jpg,1,31.2621145,34.8035501,3
region_B_IMG_20260111_155752.jpg,1,31.2621145,34.8035501,3
region_B_IMG_20260111_155755.jpg,1,31.2621145,34.8035501,3
region_B_IMG_20260111_155800.jpg,1,31.2621145,34.8035501,3
region_B_IMG_20260111_155802.jpg,1,31.2621145,34.8035501,3
region_B_IMG_20260111_155804.jpg,1,31.2620598,34.8035649,3
region_B_IMG_20260111_155806.jpg,1,31.2620598,34.8035649,3
region_B_IMG_20260111_155809.jpg,1,31.2620598,34.8035649,3
region_B_IMG_20260111_155813.jpg,1,31.2620598,34.8035649,3
region_B_IMG_20260111_155815.jpg,1,31.2620598,34.8035649,3
region_B_IMG_20260111_155817.jpg,1,31.2620598,34.8035649,3
region_B_IMG_20260111_155820.jpg,1,31.2620598,34.8035649,3
region_B_IMG_20260111_155827.jpg,1,31.2620651,34.8035522,3
region_B_IMG_20260111_155830.jpg,1,31.2620651,34.8035522,3
region_B_IMG_20260111_155832.jpg,1,31.2620651,34.8035522,3
region_B_IMG_20260111_155834.jpg,1,31.2620651,34.8035522,3
region_B_IMG_20260111_155840.jpg,1,31.2620651,34.8035522,3
region_B_IMG_20260111_155843.jpg,1,31.2620651,34.8035522,3
region_B_IMG_20260111_155845.jpg,1,31.2619297,34.803506,2
region_B_IMG_20260111_155847.jpg,1,31.2619297,34.803506,2
region_C_IMG_5776.jpg,2,31.262175,34.80294167,4
region_C_IMG_5777.jpg,2,31.26216389,34.80279444,4
region_C_IMG_5778.jpg,2,31.26216944,34.8028,4
region_C_IMG_5779.jpg,2,31.26215278,34.80288611,4
region_C_IMG_5791.jpg,2,31.26224167,34.80289444,4
region_C_IMG_5792.jpg,2,31.26224722,34.80289444,4
region_C_IMG_5793.jpg,2,31.26223056,34.80288056,4
region_C_IMG_5794.jpg,2,31.26223056,34.80286389,4
region_C_IMG_5795.jpg,2,31.26222222,34.80286111,4
region_C_IMG_5796.jpg,2,31.26222778,34.80284167,4
region_C_IMG_5797.jpg,2,31.26223056,34.80284167,4
region_C_IMG_5798.jpg,2,31.26223889,34.80284167,4
region_C_IMG_5799.jpg,2,31.262225,34.80283611,4
region_C_IMG_5800.jpg,2,31.26223056,34.80281111,4
region_C_IMG_5801.jpg,2,31.26220556,34.80281944,4
region_C_IMG_5802.jpg,2,31.26221667,34.80279444,4
region_C_IMG_5803.jpg,2,31.26223333,34.80278056,4
region_C_IMG_5804.jpg,2,31.262225,34.80279167,4
region_C_IMG_5805.jpg,2,31.26222778,34.802775,4
region_C_IMG_5806.jpg,2,31.26224444,34.80275278,4
region_C_IMG_5807.jpg,2,31.26223889,34.80276389,4
region_C_IMG_5808.jpg,2,31.26223333,34.80273056,4
region_C_IMG_5809.jpg,2,31.26221944,34.80275833,4
region_C_IMG_5810.jpg,2,31.26222778,34.80273889,4
region_C_IMG_5811.jpg,2,31.26220833,34.80270278,4
region_C_IMG_5812.jpg,2,31.26216389,34.80274444,4
region_C_IMG_5813.jpg,2,31.26218889,34.80275833,4
region_C_IMG_5814.jpg,2,31.26218333,34.80271111,4
region_C_IMG_5815.jpg,2,31.2622,34.80272778,4
region_C_IMG_5816.jpg,2,31.26221944,34.80269722,4
region_C_IMG_5817.jpg,2,31.26221667,34.80264167,4
region_C_IMG_5818.jpg,2,31.26221389,34.80266111,4
region_C_IMG_5819.jpg,2,31.26221944,34.80265,4
region_C_IMG_5820.jpg,2,31.26221944,34.80263611,4
region_C_IMG_5821.jpg,2,31.26221667,34.80261667,4
region_C_IMG_5822.jpg,2,31.26221389,34.802625,4
region_C_IMG_5823.jpg,2,31.26219444,34.8026,4
region_C_IMG_5824.jpg,2,31.26219722,34.80259722,4
region_C_IMG_5825.jpg,2,31.26219444,34.8026,4
region_C_IMG_5826.jpg,2,31.26217778,34.80258889,4
region_C_IMG_5827.jpg,2,31.26216389,34.80259722,4
region_C_IMG_5828.jpg,2,31.26216389,34.80260556,4
region_C_IMG_5829.jpg,2,31.26216667,34.80256389,4
region_C_IMG_5830.jpg,2,31.26215833,34.80256667,4
region_C_IMG_5831.jpg,2,31.26213889,34.80259722,4
region_C_IMG_5832.jpg,2,31.26215556,34.80256667,4
region_C_IMG_5833.jpg,2,31.26216389,34.80255556,4
region_C_IMG_5834.jpg,2,31.26216389,34.80256667,4
region_C_IMG_5835.jpg,2,31.262175,34.80251667,4
region_C_IMG_5836.jpg,2,31.26216389,34.80251944,4
region_C_IMG_5837.jpg,2,31.26216389,34.802525,4
region_C_IMG_5838.jpg,2,31.26214444,34.80251667,4
region_C_IMG_5839.jpg,2,31.26213889,34.80250833,4
region_C_IMG_5840.jpg,2,31.26213611,34.80250833,4
region_C_IMG_5841.jpg,2,31.26213611,34.80250833,4
region_C_IMG_5842.jpg,2,31.26213889,34.80254444,4
region_C_IMG_5843.jpg,2,31.26213889,34.80254444,4
region_C_IMG_5844.jpg,2,31.26214722,34.80255,4
region_C_IMG_5845.jpg,2,31.26215,34.80255,4
region_C_IMG_5846.jpg,2,31.26214722,34.80259444,4
region_C_IMG_5847.jpg,2,31.26215,34.80259444,4
region_C_IMG_5848.jpg,2,31.26214444,34.80259444,4
region_C_IMG_5849.jpg,2,31.26214444,34.80259722,4
region_C_IMG_5850.jpg,2,31.26214167,34.80262778,4
region_C_IMG_5851.jpg,2,31.26214722,34.80262778,4
region_C_IMG_5852.jpg,2,31.26214722,34.80262778,4
region_C_IMG_5853.jpg,2,31.26215556,34.802625,4
region_C_IMG_5854.jpg,2,31.26215833,34.80264167,4
region_C_IMG_5855.jpg,2,31.26216111,34.80264722,4
region_C_IMG_5856.jpg,2,31.26215833,34.80263889,4
region_C_IMG_5857.jpg,2,31.26216111,34.80263889,4
region_C_IMG_5858.jpg,2,31.262175,34.80266667,4
region_C_IMG_5859.jpg,2,31.26217222,34.80266944,4
region_C_IMG_5860.jpg,2,31.26217778,34.80266111,4
region_C_IMG_5861.jpg,2,31.26218056,34.80266111,4
region_C_IMG_5862.jpg,2,31.26217778,34.80267778,4
region_C_IMG_5863.jpg,2,31.26216944,34.80269167,4
region_C_IMG_5864.jpg,2,31.26216944,34.80268889,4
region_C_IMG_5865.jpg,2,31.26217222,34.80268889,4
region_C_IMG_5866.jpg,2,31.26216667,34.80271944,4
region_C_IMG_5867.jpg,2,31.26216667,34.80272778,4
region_C_IMG_5868.jpg,2,31.26216667,34.80272778,4
region_C_IMG_5869.jpg,2,31.26216667,34.80272222,4
region_C_IMG_5870.jpg,2,31.26216944,34.80275278,4
region_C_IMG_5871.jpg,2,31.26216389,34.80275278,4
region_C_IMG_5872.jpg,2,31.26216944,34.80275,4
region_C_IMG_5873.jpg,2,31.26216944,34.80275,4
region_C_IMG_5874.jpg,2,31.26216111,34.80278056,4
region_C_IMG_5875.jpg,2,31.26215833,34.80278333,4
region_C_IMG_5876.jpg,2,31.26215833,34.80278333,4
region_C_IMG_5877.jpg,2,31.26216389,34.80278056,4
region_C_IMG_5878.jpg,2,31.26216111,34.80281389,4
region_C_IMG_5879.jpg,2,31.26215833,34.80281389,4
region_C_IMG_5880.jpg,2,31.26215278,34.80281111,4
region_C_IMG_5881.jpg,2,31.26215833,34.80281111,4
region_C_IMG_5882.jpg,2,31.26215833,34.80283611,4
region_C_IMG_5883.jpg,2,31.26215833,34.80283611,4
region_C_IMG_5884.jpg,2,31.26215278,34.80283611,4
region_C_IMG_5885.jpg,2,31.26215,34.80283333,4
region_C_IMG_5886.jpg,2,31.26215278,34.80286111,4
region_C_IMG_5887.jpg,2,31.26215278,34.80286389,4
region_C_IMG_5888.jpg,2,31.26215556,34.80286111,4
region_C_IMG_5889.jpg,2,31.26215278,34.80286111,4
region_C_IMG_5890.jpg,2,31.26215,34.80288333,4
region_C_IMG_5891.jpg,2,31.26215278,34.80288611,4
region_C_IMG_5892.jpg,2,31.26214722,34.80288611,4
region_C_IMG_5893.jpg,2,31.26214722,34.80288611,4
region_C_IMG_5894.jpg,2,31.26215556,34.80291667,4
region_C_IMG_5895.jpg,2,31.26215556,34.80291667,4
region_C_IMG_5896.jpg,2,31.26215278,34.80291667,4
region_C_IMG_5897.jpg,2,31.26215,34.80292222,4
region_C_IMG_5898.jpg,2,31.26214167,34.80295556,4
region_C_IMG_5899.jpg,2,31.26214722,34.80295556,4
region_C_IMG_5900.jpg,2,31.26214722,34.80295556,4
region_C_IMG_5901.jpg,2,31.26215278,34.80295278,4
region_C_IMG_5902.jpg,2,31.26216667,34.80298333,4
region_C_IMG_5903.jpg,2,31.26216111,34.802975,4
region_C_IMG_5904.jpg,2,31.26215278,34.802975,4
region_C_IMG_5905.jpg,2,31.26215556,34.80300278,4
region_C_IMG_5906.jpg,2,31.26215278,34.80299722,4
region_C_IMG_5907.jpg,2,31.26215278,34.80298889,4
region_C_IMG_5908.jpg,2,31.26216389,34.80300833,4
region_C_IMG_5909.jpg,2,31.26216944,34.80300833,4
region_C_IMG_5910.jpg,2,31.26220833,34.80301667,4
region_C_IMG_5911.jpg,2,31.26220833,34.80301389,4
region_C_IMG_5912.jpg,2,31.26223056,34.80301667,4
region_C_IMG_5913.jpg,2,31.26223056,34.80301944,4
region_C_IMG_5916.jpg,2,31.26213056,34.802875,4
region_C_IMG_5917.jpg,2,31.26213333,34.80288056,4
region_C_IMG_5918.jpg,2,31.26213056,34.802875,4
region_C_IMG_5919.jpg,2,31.26214722,34.80286389,4
region_C_IMG_5920.jpg,2,31.26214167,34.80287222,4
region_C_IMG_5921.jpg,2,31.26215,34.80289444,4
region_C_IMG_5922.jpg,2,31.26214722,34.80288333,4
region_C_IMG_5923.jpg,2,31.26214722,34.80286667,4
region_C_IMG_5924.jpg,2,31.26214444,34.80286389,4
region_C_IMG_5925.jpg,2,31.26213889,34.80286667,4
region_C_IMG_5926.jpg,2,31.26213889,34.80283611,4
region_C_IMG_5927.jpg,2,31.26213889,34.80283611,4
region_C_IMG_5928.jpg,2,31.26215833,34.80283611,4
region_C_IMG_5929.jpg,2,31.26214722,34.80285278,4
region_C_IMG_5930.jpg,2,31.26215278,34.80283056,4
region_C_IMG_5931.jpg,2,31.26216944,34.80283333,4
region_C_IMG_5932.jpg,2,31.26218889,34.80284167,4
region_C_IMG_5933.jpg,2,31.26218889,34.80284444,4
region_C_IMG_5934.jpg,2,31.26214722,34.80278056,4
region_C_IMG_5935.jpg,2,31.26215,34.80281111,4
region_C_IMG_5936.jpg,2,31.26215278,34.80281111,4
region_C_IMG_5937.jpg,2,31.26215556,34.80280556,4
region_C_IMG_5938.jpg,2,31.26215,34.80278889,4
region_C_IMG_5939.jpg,2,31.26214722,34.80277222,4
region_C_IMG_5940.jpg,2,31.26213889,34.80277222,4
region_C_IMG_5941.jpg,2,31.26213611,34.80272778,4
region_C_IMG_5942.jpg,2,31.26213889,34.80273056,4
region_C_IMG_5943.jpg,2,31.26216111,34.80275278,4
region_C_IMG_5944.jpg,2,31.26215,34.80275,4
region_C_IMG_5945.jpg,2,31.26213333,34.80272222,4
region_C_IMG_5946.jpg,2,31.262125,34.80269167,4
region_C_IMG_5947.jpg,2,31.26213611,34.80269167,4
region_C_IMG_5948.jpg,2,31.26212778,34.80265,4
region_C_IMG_5949.jpg,2,31.262125,34.80263889,4
region_C_IMG_5950.jpg,2,31.26212778,34.80265556,4
region_C_IMG_5951.jpg,2,31.26213611,34.80266944,4
region_C_IMG_5952.jpg,2,31.26212222,34.80263611,4
region_C_IMG_5953.jpg,2,31.26215278,34.8026,4
region_C_IMG_5954.jpg,2,31.26215556,34.80260556,4
region_C_IMG_5955.jpg,2,31.26215833,34.80263056,4
region_C_IMG_5956.jpg,2,31.26213611,34.80261111,4
region_C_IMG_5957.jpg,2,31.26214444,34.80260833,4
region_C_IMG_5958.jpg,2,31.26213611,34.80259722,4
region_C_IMG_5959.jpg,2,31.26213333,34.80259444,4
region_C_IMG_5960.jpg,2,31.26213056,34.802575,4
region_C_IMG_5961.jpg,2,31.26212222,34.80256667,4
region_C_IMG_5962.jpg,2,31.262125,34.80256944,4
region_C_IMG_5963.jpg,2,31.26213056,34.80256944,4
region_C_IMG_5964.jpg,2,31.262125,34.80254722,4
region_C_IMG_5965.jpg,2,31.26213333,34.80252778,4
region_C_IMG_5966.jpg,2,31.26212778,34.80253889,4
region_C_IMG_5967.jpg,2,31.26211944,34.80253611,4
region_C_IMG_5968.jpg,2,31.26212222,34.80251944,4
region_C_IMG_5969.jpg,2,31.26212222,34.80252778,4
region_C_IMG_5970.jpg,2,31.26213333,34.80250833,4
region_C_IMG_5971.jpg,2,31.26213889,34.80249444,4
region_C_IMG_5972.jpg,2,31.26213889,34.80248889,4
region_C_IMG_5973.jpg,2,31.26213333,34.80250556,4
region_C_IMG_5974.jpg,2,31.26213333,34.80247778,4
region_C_IMG_5975.jpg,2,31.26213056,34.80248611,4
region_C_IMG_5976.jpg,2,31.26212778,34.80248889,4
region_C_IMG_5977.jpg,2,31.26212778,34.80248333,4
region_C_IMG_5978.jpg,2,31.26210278,34.80248889,4
region_C_IMG_5979.jpg,2,31.26212222,34.80249722,4
region_C_IMG_5980.jpg,2,31.26212778,34.80251389,4
region_C_IMG_5981.jpg,2,31.26213333,34.80250278,4
region_C_IMG_5982.jpg,2,31.26211944,34.80251944,4
region_C_IMG_5983.jpg,2,31.26210278,34.80251944,4
region_C_IMG_5984.jpg,2,31.26209722,34.80250556,4
region_C_IMG_5985.jpg,2,31.26210833,34.80250278,4
region_C_IMG_5986.jpg,2,31.26212778,34.80253889,4
region_C_IMG_5987.jpg,2,31.26211944,34.80253889,4
region_C_IMG_5988.jpg,2,31.26211667,34.80254722,4
region_C_IMG_5989.jpg,2,31.26211667,34.802525,4
region_C_IMG_5990.jpg,2,31.26212222,34.80255833,4
region_C_IMG_5991.jpg,2,31.26211389,34.80255833,4
region_C_IMG_5992.jpg,2,31.26211111,34.80256389,4
region_C_IMG_5993.jpg,2,31.26211111,34.80255833,4
region_C_IMG_5994.jpg,2,31.26210278,34.80259444,4
region_C_IMG_5995.jpg,2,31.26210278,34.80259444,4
region_C_IMG_5996.jpg,2,31.26210278,34.80259444,4
region_C_IMG_5997.jpg,2,31.26210556,34.80259722,4
region_C_IMG_5998.jpg,2,31.26211111,34.80263056,4
region_C_IMG_5999.jpg,2,31.26211111,34.80263889,4
region_C_IMG_6001.jpg,2,31.26210556,34.80263611,4
region_C_IMG_6002.jpg,2,31.26210833,34.80263056,4
region_C_IMG_6003.jpg,2,31.26210278,34.80266944,4
region_C_IMG_6004.jpg,2,31.26210278,34.80266667,4
region_C_IMG_6005.jpg,2,31.26209722,34.80266111,4
region_C_IMG_6006.jpg,2,31.2621,34.80265833,4
region_C_IMG_6007.jpg,2,31.26209167,34.80269722,4
region_C_IMG_6008.jpg,2,31.26209167,34.80269167,4
region_C_IMG_6009.jpg,2,31.26209167,34.80268889,4
region_C_IMG_6010.jpg,2,31.26209167,34.80269722,4
region_C_IMG_6011.jpg,2,31.26208611,34.80271944,4
region_C_IMG_6012.jpg,2,31.26209167,34.80272222,4
region_C_IMG_6013.jpg,2,31.26209722,34.80272778,4
region_C_IMG_6014.jpg,2,31.26209722,34.80272778,4
region_C_IMG_6015.jpg,2,31.26209722,34.80275278,4
region_C_IMG_6016.jpg,2,31.26209167,34.80275833,4
region_C_IMG_6017.jpg,2,31.26209722,34.80275,4
region_C_IMG_6018.jpg,2,31.26209444,34.80274444,4
region_C_IMG_6019.jpg,2,31.26210278,34.80276944,4
region_C_IMG_6020.jpg,2,31.26209167,34.80276944,4
region_C_IMG_6021.jpg,2,31.26208889,34.80276389,4
region_C_IMG_6022.jpg,2,31.26209167,34.80276944,4
region_C_IMG_6023.jpg,2,31.26208056,34.80279444,4
region_C_IMG_6024.jpg,2,31.26208056,34.80280278,4
region_C_IMG_6025.jpg,2,31.26207778,34.80279444,4
region_C_IMG_6026.jpg,2,31.26208611,34.80279444,4
region_C_IMG_6027.jpg,2,31.26208056,34.80284167,4
region_C_IMG_6028.jpg,2,31.26209722,34.80285,4
region_C_IMG_6029.jpg,2,31.26209722,34.80285278,4
region_C_IMG_6030.jpg,2,31.26210278,34.80285278,4
region_C_IMG_6031.jpg,2,31.26210278,34.80288333,4
region_C_IMG_6032.jpg,2,31.2621,34.80286111,4
region_C_IMG_6033.jpg,2,31.26210278,34.80286667,4
region_C_IMG_6034.jpg,2,31.26211111,34.80288333,4
region_C_IMG_6035.jpg,2,31.26210278,34.80290278,4
region_C_IMG_6036.jpg,2,31.2621,34.80290278,4
region_C_IMG_6037.jpg,2,31.26209722,34.80290278,4
region_C_IMG_6038.jpg,2,31.26209722,34.80290556,4
region_C_IMG_6039.jpg,2,31.26209444,34.80292222,4
region_C_IMG_6040.jpg,2,31.26209167,34.802925,4
region_C_IMG_6041.jpg,2,31.26208611,34.80292222,4
region_C_IMG_6042.jpg,2,31.26208611,34.80292222,4
region_C_IMG_6043.jpg,2,31.26208611,34.80294167,4
region_C_IMG_6044.jpg,2,31.26208056,34.80294167,4
region_C_IMG_6045.jpg,2,31.26208333,34.80294167,4
region_C_IMG_6046.jpg,2,31.26203611,34.80290556,4
region_C_IMG_6047.jpg,2,31.26204444,34.80290278,4
region_C_IMG_6048.jpg,2,31.26205,34.80290278,4
region_C_IMG_6049.jpg,2,31.26204722,34.80291111,4
region_C_IMG_6050.jpg,2,31.26204167,34.80289444,4
region_C_IMG_6051.jpg,2,31.26204167,34.80289167,4
region_C_IMG_6052.jpg,2,31.26204722,34.80289444,4
region_C_IMG_6053.jpg,2,31.26204444,34.80289444,4
region_C_IMG_6054.jpg,2,31.26204167,34.802875,4
region_C_IMG_6055.jpg,2,31.26204167,34.80288056,4
region_C_IMG_6056.jpg,2,31.26204444,34.80288333,4
region_C_IMG_6057.jpg,2,31.26204444,34.80288333,4
region_C_IMG_6058.jpg,2,31.26204167,34.80286389,4
region_C_IMG_6059.jpg,2,31.26205278,34.802875,4
region_C_IMG_6060.jpg,2,31.26205,34.802875,4
region_C_IMG_6061.jpg,2,31.26204167,34.80283611,4
region_C_IMG_6062.jpg,2,31.26204167,34.80283611,4
region_C_IMG_6063.jpg,2,31.26204167,34.80284167,4
region_C_IMG_6064.jpg,2,31.26205,34.80281389,4
region_C_IMG_6065.jpg,2,31.26205,34.80281111,4
region_C_IMG_6066.jpg,2,31.26205278,34.80280556,4
region_C_IMG_6067.jpg,2,31.26205,34.80281111,4
region_C_IMG_6068.jpg,2,31.26204444,34.80280278,4
region_C_IMG_6069.jpg,2,31.26205,34.80276944,4
region_C_IMG_6070.jpg,2,31.26205278,34.80278056,4
region_C_IMG_6071.jpg,2,31.26205556,34.80278333,4
region_C_IMG_6072.jpg,2,31.26205556,34.80278889,4
region_C_IMG_6073.jpg,2,31.26205278,34.80275,4
region_C_IMG_6074.jpg,2,31.26205556,34.80275833,4
region_C_IMG_6075.jpg,2,31.26205556,34.80276111,4
region_C_IMG_6076.jpg,2,31.26205278,34.80276111,4
region_C_IMG_6077.jpg,2,31.26205,34.80273889,4
region_C_IMG_6078.jpg,2,31.26204722,34.80273333,4
region_C_IMG_6079.jpg,2,31.26205,34.80273333,4
region_C_IMG_6080.jpg,2,31.26204444,34.80273333,4
region_C_IMG_6081.jpg,2,31.26204444,34.80270833,4
region_C_IMG_6082.jpg,2,31.26205,34.80271111,4
region_C_IMG_6083.jpg,2,31.26205556,34.80270833,4
region_C_IMG_6084.jpg,2,31.26205,34.80270833,4
region_C_IMG_6085.jpg,2,31.26206667,34.80267778,4
region_C_IMG_6086.jpg,2,31.26206667,34.80268889,4
region_C_IMG_6087.jpg,2,31.26206111,34.80269167,4
region_C_IMG_6088.jpg,2,31.26206389,34.80269167,4
region_C_IMG_6089.jpg,2,31.26205556,34.80265556,4
region_C_IMG_6090.jpg,2,31.26205556,34.80266111,4
region_C_IMG_6091.jpg,2,31.26205556,34.80266111,4
region_C_IMG_6092.jpg,2,31.26205,34.80266667,4
region_C_IMG_6093.jpg,2,31.26205,34.802625,4
region_C_IMG_6094.jpg,2,31.26205,34.80262778,4
region_C_IMG_6095.jpg,2,31.26205833,34.80261944,4
region_C_IMG_6096.jpg,2,31.26205833,34.80262778,4
region_C_IMG_6097.jpg,2,31.26206111,34.80260556,4
region_C_IMG_6098.jpg,2,31.26206111,34.80260556,4
region_C_IMG_6099.jpg,2,31.26205556,34.80260556,4
region_C_IMG_6100.jpg,2,31.26205278,34.80260833,4
region_C_IMG_6101.jpg,2,31.26205,34.80258056,4
region_C_IMG_6102.jpg,2,31.26205,34.80258056,4
region_C_IMG_6103.jpg,2,31.26205,34.80258056,4
region_C_IMG_6104.jpg,2,31.26205,34.80258056,4
region_C_IMG_6105.jpg,2,31.26205,34.80256667,4
region_C_IMG_6106.jpg,2,31.26205,34.80255833,4
region_C_IMG_6107.jpg,2,31.26205,34.80256389,4
region_C_IMG_6108.jpg,2,31.26204444,34.80256389,4
region_C_IMG_6109.jpg,2,31.26204444,34.80252778,4
region_C_IMG_6110.jpg,2,31.26205,34.802525,4
region_C_IMG_6111.jpg,2,31.26205,34.80253333,4
region_C_IMG_6112.jpg,2,31.26205,34.80253333,4
region_C_IMG_6113.jpg,2,31.26205,34.80251389,4
region_C_IMG_6114.jpg,2,31.26205,34.80250278,4
region_C_IMG_6115.jpg,2,31.26205556,34.80250556,4
region_C_IMG_6116.jpg,2,31.26205,34.80250833,4
region_C_20260116_162026.jpg,2,31.26206770,34.80258230
region_C_20260116_162055.jpg,2,31.26198090,34.80278340
region_C_20260116_162057.jpg,2,31.26201810,34.80277500
region_C_20260116_162100.jpg,2,31.26201810,34.80277500
region_C_20260116_162104.jpg,2,31.26201810,34.80277500
region_C_20260116_162106.jpg,2,31.26201810,34.80277500
region_C_20260116_162108.jpg,2,31.26201810,34.80277500
region_C_20260116_162110.jpg,2,31.26201810,34.80277500
region_C_20260116_162115.jpg,2,31.26201810,34.80277500
region_C_20260116_162118.jpg,2,31.26201810,34.80277500
region_C_20260116_162120.jpg,2,31.26201812,34.80277500
region_C_20260116_162122.jpg,2,31.26201810,34.80277500
region_C_20260116_162128.jpg,2,31.26201810,34.80277500
region_C_20260116_162130.jpg,2,31.26201810,34.80277500
region_C_20260116_162133.jpg,2,31.26201810,34.80277500
region_C_20260116_162135.jpg,2,31.26201812,34.80277500
region_C_20260116_162141.jpg,2,31.26201810,34.80277500
region_C_20260116_162144.jpg,2,31.26201810,34.80277500
region_C_20260116_162146.jpg,2,31.26201810,34.80277500
region_C_20260116_162148.jpg,2,31.26201812,34.80277500
region_C_20260116_162153.jpg,2,31.26200410,34.80267330
region_C_20260116_162155.jpg,2,31.26200700,34.80259530
region_C_20260116_162157.jpg,2,31.26200700,34.80259530
region_C_20260116_162200.jpg,2,31.26200710,34.80259538
region_C_20260116_162205.jpg,2,31.26200700,34.80259530
region_C_20260116_162209.jpg,2,31.26200700,34.80259530
region_C_20260116_162211.jpg,2,31.26200700,34.80259530
region_C_20260116_162214.jpg,2,31.26200700,34.80259530
region_C_20260116_162219.jpg,2,31.26200700,34.80259530
region_C_20260116_162222.jpg,2,31.26200700,34.80259530
region_C_20260116_162224.jpg,2,31.26200700,34.80259530
region_C_20260116_162228.jpg,2,31.26200710,34.80259538
region_C_20260116_162234.jpg,2,31.26200700,34.80259530
region_C_20260116_162236.jpg,2,31.26200700,34.80259530
region_C_20260116_162238.jpg,2,31.26200700,34.80259530
region_C_20260116_162241.jpg,2,31.26200700,34.80259530
region_C_20260116_162245.jpg,2,31.26200700,34.80259530
region_C_20260116_162248.jpg,2,31.26200700,34.80259530
region_C_20260116_162250.jpg,2,31.26200700,34.80259530
region_C_20260116_162252.jpg,2,31.26200710,34.80259538
region_C_20260116_162257.jpg,2,31.26202060,34.80275690
region_C_20260116_162300.jpg,2,31.26202060,34.80275690
region_C_20260116_162302.jpg,2,31.26202060,34.80275690
region_C_20260116_162304.jpg,2,31.26202060,34.80275690
region_C_20260116_162309.jpg,2,31.26202060,34.80275690
region_C_20260116_162312.jpg,2,31.26202060,34.80275690
region_C_20260116_162314.jpg,2,31.26202060,34.80275690
region_C_20260116_162317.jpg,2,31.26202064,34.80275698
region_C_20260116_162322.jpg,2,31.26202064,34.80275698
region_C_20260116_162324.jpg,2,31.26202060,34.80275690
region_C_20260116_162327.jpg,2,31.26202060,34.80275690
region_C_20260116_162329.jpg,2,31.26202064,34.80275698
region_C_20260116_162334.jpg,2,31.26202060,34.80275690
region_C_20260116_162336.jpg,2,31.26202060,34.80275690
region_C_20260116_162339.jpg,2,31.26202060,34.80275690
region_C_20260116_162341.jpg,2,31.26202064,34.80275698
region_C_20260116_162415.jpg,2,31.26208874,34.80267350
region_C_20260116_162417.jpg,2,31.26208870,34.80267340
region_C_20260116_162420.jpg,2,31.26208870,34.80267340
region_C_20260116_162423.jpg,2,31.26208870,34.80267340
region_C_20260116_162429.jpg,2,31.26208870,34.80267340
region_C_20260116_162431.jpg,2,31.26208870,34.80267340
region_C_20260116_162433.jpg,2,31.26208870,34.80267340
region_C_20260116_162435.jpg,2,31.26208870,34.80267340
region_C_20260116_162441.jpg,2,31.26208870,34.80267340
region_C_20260116_162444.jpg,2,31.26208870,34.80267340
region_C_20260116_162446.jpg,2,31.26208870,34.80267340
region_C_20260116_162448.jpg,2,31.26208870,34.80267340
region_C_20260116_162453.jpg,2,31.26208870,34.80267340
region_C_20260116_162455.jpg,2,31.26208870,34.80267340
region_C_20260116_162457.jpg,2,31.26208870,34.80267340
region_C_20260116_162500.jpg,2,31.26208870,34.80267340
region_C_20260116_162509.jpg,2,31.26202250,34.80279560
region_C_20260116_162512.jpg,2,31.26202250,34.80279560
region_C_20260116_162515.jpg,2,31.26202250,34.80279560
region_C_20260116_162517.jpg,2,31.26202256,34.80279562
region_C_20260116_162528.jpg,2,31.26202250,34.80279560
region_C_20260116_162530.jpg,2,31.26202250,34.80279560
region_C_20260116_162532.jpg,2,31.26202250,34.80279560
region_C_20260116_162534.jpg,2,31.26202250,34.80279560
region_C_20260116_162541.jpg,2,31.26202970,34.80281910
region_C_20260116_162543.jpg,2,31.26203820,34.80276320
region_C_20260116_162545.jpg,2,31.26203828,34.80276327
region_C_20260116_162547.jpg,2,31.26208840,34.80266890
region_C_20260116_162552.jpg,2,31.26202980,34.80274210
region_C_20260116_162554.jpg,2,31.26202980,34.80274210
region_C_20260116_162557.jpg,2,31.26202981,34.80274214
region_C_20260116_162559.jpg,2,31.26202980,34.80274210
region_C_20260116_162604.jpg,2,31.26202980,34.80274210
region_C_20260116_162606.jpg,2,31.26202980,34.80274210
region_C_20260116_162608.jpg,2,31.26202981,34.80274214
region_C_20260116_162610.jpg,2,31.26202980,34.80274210
region_C_20260116_162614.jpg,2,31.26202980,34.80274210
region_C_20260116_162616.jpg,2,31.26202981,34.80274214
region_C_20260116_162618.jpg,2,31.26202981,34.80274214
region_C_20260116_162620.jpg,2,31.26202980,34.80274210
region_C_20260116_162625.jpg,2,31.26202980,34.80274210
region_C_20260116_162628.jpg,2,31.26202980,34.80274210
region_C_20260116_162630.jpg,2,31.26204008,34.80264592
region_C_20260116_162632.jpg,2,31.26200130,34.80278170
region_C_20260116_162637.jpg,2,31.26204290,34.80268390
region_C_20260116_162640.jpg,2,31.26206410,34.80268850
region_C_20260116_162642.jpg,2,31.26206410,34.80268850
region_C_20260116_162644.jpg,2,31.26206410,34.80268850
region_C_20260116_162648.jpg,2,31.26206410,34.80268850
region_C_20260116_162651.jpg,2,31.26206410,34.80268850
region_C_20260116_162654.jpg,2,31.26206410,34.80268850
region_C_20260116_162656.jpg,2,31.26206410,34.80268850
region_C_20260116_162701.jpg,2,31.26206410,34.80268850
region_C_20260116_162704.jpg,2,31.26206410,34.80268850
region_C_20260116_162707.jpg,2,31.26206410,34.80268850
region_C_20260116_162710.jpg,2,31.26206410,34.80268850
region_C_20260116_162714.jpg,2,31.26206410,34.80268850
region_C_20260116_162717.jpg,2,31.26206410,34.80268850
region_C_20260116_162719.jpg,2,31.26206410,34.80268850
region_C_20260116_162722.jpg,2,31.26206414,34.80268858
region_C_20260116_162727.jpg,2,31.26206410,34.80268850
region_C_20260116_162729.jpg,2,31.26206410,34.80268850
region_C_20260116_162731.jpg,2,31.26206410,34.80268850
region_C_20260116_162734.jpg,2,31.26206410,34.80268850
region_C_20260116_162739.jpg,2,31.26206280,34.80264980
region_C_20260116_162741.jpg,2,31.26202080,34.80263410
region_C_20260116_162743.jpg,2,31.26202080,34.80263410
region_C_20260116_162746.jpg,2,31.26202080,34.80263410
region_C_20260116_162751.jpg,2,31.26202080,34.80263410
region_C_20260116_162753.jpg,2,31.26202080,34.80263410
region_C_20260116_162755.jpg,2,31.26202080,34.80263410
region_C_20260116_162758.jpg,2,31.26202080,34.80263410
region_C_20260116_162803.jpg,2,31.26202080,34.80263410
region_C_20260116_162805.jpg,2,31.26202080,34.80263410
region_C_20260116_162808.jpg,2,31.26202080,34.80263410
region_C_20260116_162811.jpg,2,31.26202080,34.80263410
region_C_20260116_162817.jpg,2,31.26202080,34.80263410
region_C_20260116_162819.jpg,2,31.26202080,34.80263410
region_C_20260116_162821.jpg,2,31.26202080,34.80263410
region_C_20260116_162823.jpg,2,31.26202080,34.80263410
region_C_20260116_162828.jpg,2,31.26202080,34.80263410
region_C_20260116_162830.jpg,2,31.26202080,34.80263410
region_C_20260116_162833.jpg,2,31.26202080,34.80263410
region_C_20260116_162836.jpg,2,31.26202080,34.80263410
region_C_20260116_162840.jpg,2,31.26202460,34.80248290
region_C_20260116_162842.jpg,2,31.26202460,34.80248290
region_C_20260116_162844.jpg,2,31.26202460,34.80248290
region_C_20260116_162847.jpg,2,31.26202460,34.80248290
region_C_20260116_162905.jpg,2,31.26202460,34.80248290
region_C_20260116_162907.jpg,2,31.26202460,34.80248290
region_C_20260116_162909.jpg,2,31.26202460,34.80248290
region_C_20260116_162911.jpg,2,31.26202460,34.80248290
region_C_20260116_162915.jpg,2,31.26202460,34.80248290
region_C_20260116_162917.jpg,2,31.26202460,34.80248290
region_C_20260116_162919.jpg,2,31.26202460,34.80248290
region_C_20260116_162921.jpg,2,31.26202460,34.80248290
region_C_20260116_162926.jpg,2,31.26202460,34.80248290
region_C_20260116_162928.jpg,2,31.26202460,34.80248290
region_C_20260116_162931.jpg,2,31.26202460,34.80248290
region_C_20260116_162933.jpg,2,31.26202460,34.80248290
region_C_20260116_162938.jpg,2,31.26185310,34.80255320
region_C_20260116_162940.jpg,2,31.26194570,34.80253900
region_C_20260116_162942.jpg,2,31.26194280,34.80252360
region_C_20260116_162944.jpg,2,31.26194280,34.80252360
region_C_20260116_162949.jpg,2,31.26194280,34.80252360
region_C_20260116_162952.jpg,2,31.26194280,34.80252360
region_C_20260116_162954.jpg,2,31.26194280,34.80252360
region_C_20260116_162957.jpg,2,31.26194280,34.80252360
region_C_20260116_163002.jpg,2,31.26194280,34.80252360
region_C_20260116_163004.jpg,2,31.26194280,34.80252360
region_C_20260116_163007.jpg,2,31.26194280,34.80252360
region_C_20260116_163010.jpg,2,31.26194280,34.80252360
region_C_20260116_163015.jpg,2,31.26194280,34.80252360
region_C_20260116_163018.jpg,2,31.26194280,34.80252360
region_C_20260116_163020.jpg,2,31.26194280,34.80252360
region_C_20260116_163022.jpg,2,31.26194280,34.80252360
region_C_20260116_163032.jpg,2,31.26194280,34.80252360
region_C_20260116_163034.jpg,2,31.26194280,34.80252360
region_C_20260116_163036.jpg,2,31.26203910,34.80254910
region_C_20260116_163039.jpg,2,31.26197830,34.80269820
region_C_20260116_163043.jpg,2,31.26194200,34.80262940
region_C_20260116_163045.jpg,2,31.26194206,34.80262949
region_C_20260116_163048.jpg,2,31.26194200,34.80262940
region_C_20260116_163050.jpg,2,31.26194200,34.80262940
region_C_20260116_163056.jpg,2,31.26194200,34.80262940
region_C_20260116_163058.jpg,2,31.26194206,34.80262949
region_C_20260116_163100.jpg,2,31.26194200,34.80262940
region_C_20260116_163102.jpg,2,31.26195360,34.80274640
region_C_20260116_163107.jpg,2,31.26208030,34.80275080
region_C_20260116_163110.jpg,2,31.26198636,34.80271205
region_C_20260116_163112.jpg,2,31.26198630,34.80271200
region_C_20260116_163114.jpg,2,31.26218760,34.80277600
region_C_20260116_163119.jpg,2,31.26202070,34.80272600
region_C_20260116_163122.jpg,2,31.26202070,34.80272600
region_C_20260116_163124.jpg,2,31.26202070,34.80272600
region_C_20260116_163127.jpg,2,31.26202070,34.80272600
region_C_20260116_163132.jpg,2,31.26187160,34.80273570
region_C_20260116_163134.jpg,2,31.26191110,34.80276620
region_C_20260116_163136.jpg,2,31.26201110,34.80266860
region_C_20260116_163139.jpg,2,31.26198080,34.80270090
region_C_20260116_163143.jpg,2,31.26185990,34.80269560
region_C_20260116_163145.jpg,2,31.26194851,34.80272345
region_C_20260116_163148.jpg,2,31.26194850,34.80272340
region_C_20260116_163150.jpg,2,31.26192160,34.80276280
region_C_20260116_163154.jpg,2,31.26194430,34.80280260
region_C_20260116_163157.jpg,2,31.26194432,34.80280266
region_C_20260116_163159.jpg,2,31.26206470,34.80270590
region_C_20260116_163202.jpg,2,31.26193400,34.80267360
region_C_20260116_163206.jpg,2,31.26193400,34.80267360
region_C_20260116_163209.jpg,2,31.26193401,34.80267366
region_C_20260116_163211.jpg,2,31.26193400,34.80267360
region_C_20260116_163213.jpg,2,31.26193400,34.80267360
region_C_20260116_163218.jpg,2,31.26193400,34.80267360
region_C_20260116_163220.jpg,2,31.26193401,34.80267366
region_C_20260116_163223.jpg,2,31.26193400,34.80267360
region_C_20260116_163225.jpg,2,31.26193400,34.80267360
region_C_20260116_163231.jpg,2,31.26193400,34.80267360
region_C_20260116_163233.jpg,2,31.26193401,34.80267366
region_C_20260116_163235.jpg,2,31.26193400,34.80267360
region_C_20260116_163237.jpg,2,31.26193400,34.80267360
region_C_20260116_163241.jpg,2,31.26193400,34.80267360
region_C_20260116_163243.jpg,2,31.26193401,34.80267366
region_C_20260116_163245.jpg,2,31.26193400,34.80267360
region_C_20260116_163247.jpg,2,31.26193400,34.80267360
region_C_20260116_163252.jpg,2,31.26193400,34.80267360
region_C_20260116_163254.jpg,2,31.26193401,34.80267366
region_C_20260116_163256.jpg,2,31.26193400,34.80267360
region_C_20260116_163300.jpg,2,31.26207150,34.80265390
region_C_20260116_163304.jpg,2,31.26207150,34.80265390
region_C_20260116_163306.jpg,2,31.26207151,34.80265397
region_C_20260116_163308.jpg,2,31.26207150,34.80265390
region_C_20260116_163310.jpg,2,31.26207150,34.80265390
region_C_20260116_163315.jpg,2,31.26207150,34.80265390
region_C_20260116_163317.jpg,2,31.26207151,34.80265397
region_C_20260116_163319.jpg,2,31.26207150,34.80265390
region_C_20260116_163322.jpg,2,31.26207150,34.80265390
region_C_20260116_163325.jpg,2,31.26207150,34.80265390
region_C_20260116_163328.jpg,2,31.26207151,34.80265397
region_C_20260116_163330.jpg,2,31.26207150,34.80265390
region_C_20260116_163332.jpg,2,31.26196810,34.80281640
region_C_20260116_163336.jpg,2,31.26194550,34.80283400
region_C_20260116_163338.jpg,2,31.26205219,34.80279629
region_C_20260116_163340.jpg,2,31.26204530,34.80272020
region_C_20260116_163343.jpg,2,31.26204530,34.80272020
region_C_20260116_163351.jpg,2,31.26183390,34.80280190
region_C_20260116_163353.jpg,2,31.26183390,34.80280190
region_C_20260116_163356.jpg,2,31.26183390,34.80280190
region_C_20260116_163358.jpg,2,31.26183390,34.80280190
region_C_20260116_163401.jpg,2,31.26197960,34.80262860
region_C_20260116_163403.jpg,2,31.26197960,34.80262860
region_C_20260116_163405.jpg,2,31.26197969,34.80262865
region_C_20260116_163408.jpg,2,31.26197280,34.80272990
region_C_20260116_163412.jpg,2,31.26197280,34.80272990
region_C_20260116_163414.jpg,2,31.26189580,34.80284540
region_C_20260116_163417.jpg,2,31.26192610,34.80287040
region_C_20260116_163420.jpg,2,31.26192610,34.80287040
region_C_20260116_163424.jpg,2,31.26199660,34.80268070
region_C_20260116_163426.jpg,2,31.26199660,34.80268070
region_C_20260116_163429.jpg,2,31.26199660,34.80268070
region_C_20260116_163431.jpg,2,31.26198680,34.80275780
region_C_20260116_163436.jpg,2,31.26199680,34.80276550
region_C_20260116_163438.jpg,2,31.26199683,34.80276553
region_C_20260116_163441.jpg,2,31.26199680,34.80276550
region_C_20260116_163443.jpg,2,31.26199680,34.80276550
region_C_20260116_163511.jpg,2,31.26199680,34.80276550
region_C_20260116_163515.jpg,2,31.26199680,34.80276550
region_C_20260116_163517.jpg,2,31.26199683,34.80276553
region_C_20260116_163519.jpg,2,31.26199680,34.80276550
region_C_20260116_163530.jpg,2,31.26198460,34.80261090
region_C_20260116_163534.jpg,2,31.26196580,34.80267110
region_C_20260116_163536.jpg,2,31.26196586,34.80267115
region_C_20260116_163538.jpg,2,31.26196580,34.80267110
region_C_20260116_163544.jpg,2,31.26196580,34.80267110
region_C_20260116_163546.jpg,2,31.26196580,34.80267110
region_C_20260116_163548.jpg,2,31.26196586,34.80267115
region_C_20260116_163601.jpg,2,31.26196580,34.80267110
region_C_20260116_163603.jpg,2,31.26196580,34.80267110
region_C_20260116_163606.jpg,2,31.26196586,34.80267115
region_C_20260116_163609.jpg,2,31.26196580,34.80267110
region_C_20260116_163614.jpg,2,31.26196580,34.80267110
region_C_20260116_163616.jpg,2,31.26196580,34.80267110
region_C_20260116_163620.jpg,2,31.26196580,34.80267110
region_C_20260116_163623.jpg,2,31.26196586,34.80267115
region_C_20260116_163628.jpg,2,31.26208870,34.80255870
region_C_20260116_163631.jpg,2,31.26203410,34.80265540
region_C_20260116_163633.jpg,2,31.26203410,34.80265540
region_C_20260116_163636.jpg,2,31.26203410,34.80265540
region_C_20260116_163641.jpg,2,31.26203410,34.80265540
region_C_20260116_163644.jpg,2,31.26203410,34.80265540
region_C_20260116_163646.jpg,2,31.26203410,34.80265540
region_C_20260116_163650.jpg,2,31.26203413,34.80265547
region_C_20260116_163655.jpg,2,31.26203410,34.80265540
region_C_20260116_163658.jpg,2,31.26203410,34.80265540
region_C_20260116_163701.jpg,2,31.26203410,34.80265540
region_C_20260116_163703.jpg,2,31.26203410,34.80265540
region_C_20260116_163709.jpg,2,31.26203410,34.80265540
region_C_20260116_163711.jpg,2,31.26203410,34.80265540
region_C_20260116_163713.jpg,2,31.26203410,34.80265540
region_C_20260116_163716.jpg,2,31.26203413,34.80265547
region_C_20260116_163721.jpg,2,31.26203410,34.80265540
region_C_20260116_163724.jpg,2,31.26203410,34.80265540
region_C_20260116_163726.jpg,2,31.26203410,34.80265540
region_C_20260116_163729.jpg,2,31.26192278,34.80274131
region_C_20260116_163734.jpg,2,31.26193680,34.80270610
region_C_20260116_163737.jpg,2,31.26193680,34.80270610
region_C_20260116_163739.jpg,2,31.26193680,34.80270610
region_C_20260116_163741.jpg,2,31.26193680,34.80270610
region_C_20260116_163746.jpg,2,31.26193680,34.80270610
region_C_20260116_163749.jpg,2,31.26193680,34.80270610
region_C_20260116_163751.jpg,2,31.26193680,34.80270610
region_C_20260116_163754.jpg,2,31.26193686,34.80270619
region_C_20260116_163759.jpg,2,31.26193680,34.80270610
region_C_20260116_163801.jpg,2,31.26193680,34.80270610
region_C_20260116_163803.jpg,2,31.26193680,34.80270610
region_C_20260116_163805.jpg,2,31.26193686,34.80270619
region_C_20260116_163810.jpg,2,31.26193680,34.80270610
region_C_20260116_163812.jpg,2,31.26193680,34.80270610
region_C_20260116_163815.jpg,2,31.26193680,34.80270610
region_C_20260116_163818.jpg,2,31.26193686,34.80270619
region_C_20260116_163824.jpg,2,31.26193680,34.80270610
region_C_20260116_163826.jpg,2,31.26193680,34.80270610
region_C_20260116_163828.jpg,2,31.26210210,34.80262770
region_C_20260116_163831.jpg,2,31.26200460,34.80271900
region_C_20260116_163834.jpg,2,31.26200460,34.80271900
region_C_20260116_163840.jpg,2,31.26200460,34.80271900
region_C_20260116_163842.jpg,2,31.26200460,34.80271900
region_C_20260116_163844.jpg,2,31.26200460,34.80271900
region_C_20260116_163847.jpg,2,31.26200460,34.80271900
region_C_20260116_163851.jpg,2,31.26200460,34.80271900
region_C_20260116_163853.jpg,2,31.26200460,34.80271900
region_C_20260116_163855.jpg,2,31.26200460,34.80271900
region_C_20260116_163858.jpg,2,31.26200460,34.80271900
region_C_20260116_163903.jpg,2,31.26200460,34.80271900
region_C_20260116_163905.jpg,2,31.26200460,34.80271900
region_C_20260116_163907.jpg,2,31.26200460,34.80271900
region_C_20260116_163909.jpg,2,31.26200460,34.80271900
region_C_20260116_163945.jpg,2,31.26201480,34.80270330
region_C_20260116_163947.jpg,2,31.26195940,34.80263410
region_C_20260116_163950.jpg,2,31.26195940,34.80263410
region_C_20260116_163952.jpg,2,31.26195940,34.80263410
region_C_20260116_163958.jpg,2,31.26195940,34.80263410
region_C_20260116_164000.jpg,2,31.26195940,34.80263410
region_C_20260116_164002.jpg,2,31.26195949,34.80263410
region_C_20260116_164004.jpg,2,31.26195940,34.80263410
region_C_20260116_164009.jpg,2,31.26195940,34.80263410
region_C_20260116_164012.jpg,2,31.26195949,34.80263410
region_C_20260116_164014.jpg,2,31.26195940,34.80263410
region_C_20260116_164017.jpg,2,31.26195940,34.80263410
region_C_20260116_164021.jpg,2,31.26195940,34.80263410
region_C_20260116_164024.jpg,2,31.26195949,34.80263410
region_C_20260116_164026.jpg,2,31.26195940,34.80263410
region_C_20260116_164028.jpg,2,31.26195940,34.80263410
region_C_20260116_164035.jpg,2,31.26195940,34.80263410
region_C_20260116_164038.jpg,2,31.26195949,34.80263410
region_C_20260116_164040.jpg,2,31.26195940,34.80263410
region_C_20260116_164043.jpg,2,31.26199440,34.80271070
region_C_20260116_164048.jpg,2,31.26196950,34.80269670
region_C_20260116_164050.jpg,2,31.26196950,34.80269670
region_C_20260116_164054.jpg,2,31.26196950,34.80269670
region_C_20260116_164057.jpg,2,31.26196950,34.80269670
region_C_20260116_164102.jpg,2,31.26196950,34.80269670
region_C_20260116_164105.jpg,2,31.26196951,34.80269671
region_C_20260116_164107.jpg,2,31.26196950,34.80269670
region_C_20260116_164110.jpg,2,31.26196950,34.80269670
region_C_20260116_164115.jpg,2,31.26196950,34.80269670
region_C_20260116_164119.jpg,2,31.26196950,34.80269670
region_C_20260116_164121.jpg,2,31.26196950,34.80269670
region_C_20260116_164124.jpg,2,31.26196950,34.80269670
region_C_20260116_164129.jpg,2,31.26196950,34.80269670
region_C_20260116_164132.jpg,2,31.26196951,34.80269671
region_C_20260116_164136.jpg,2,31.26196950,34.80269670
region_C_20260116_164139.jpg,2,31.26196950,34.80269670
region_C_20260116_164144.jpg,2,31.26198670,34.80281270
region_C_20260116_164147.jpg,2,31.26195710,34.80280300
region_C_20260116_164149.jpg,2,31.26195710,34.80280300
region_C_20260116_164151.jpg,2,31.26195710,34.80280300
region_C_20260116_164156.jpg,2,31.26195710,34.80280308
region_C_20260116_164158.jpg,2,31.26195710,34.80280300
region_C_20260116_164200.jpg,2,31.26195710,34.80280300
region_C_20260116_164203.jpg,2,31.26195710,34.80280300
region_C_20260116_164207.jpg,2,31.26195710,34.80280308
region_C_20260116_164210.jpg,2,31.26195710,34.80280300
region_C_20260116_164212.jpg,2,31.26195710,34.80280300
region_C_20260116_164215.jpg,2,31.26195710,34.80280300
region_C_20260116_164219.jpg,2,31.26195710,34.80280300
region_C_20260116_164221.jpg,2,31.26195710,34.80280300
region_C_20260116_164223.jpg,2,31.26195710,34.80280300
region_C_20260116_164225.jpg,2,31.26195710,34.80280300
region_C_20260116_164230.jpg,2,31.26195710,34.80280300
region_C_20260116_164232.jpg,2,31.26195710,34.80280300
region_C_20260116_164234.jpg,2,31.26195710,34.80280300
region_C_20260116_164236.jpg,2,31.26195710,34.80280300
region_C_20260116_164241.jpg,2,31.26195710,34.80280308
region_C_20260116_164243.jpg,2,31.26185180,34.80298630
region_C_20260116_164244.jpg,2,31.26207160,34.80258820
region_C_20260116_164247.jpg,2,31.26207160,34.80258820
region_C_20260116_164254.jpg,2,31.26207160,34.80258820
region_C_20260116_164256.jpg,2,31.26207160,34.80258820
region_C_20260116_164258.jpg,2,31.26207164,34.80258825
region_C_20260116_164301.jpg,2,31.26207164,34.80258825
region_C_20260116_164306.jpg,2,31.26207160,34.80258820
region_C_20260116_164309.jpg,2,31.26207160,34.80258820
region_C_20260116_164311.jpg,2,31.26207164,34.80258825
region_C_20260116_164313.jpg,2,31.26207160,34.80258820
region_C_20260116_164318.jpg,2,31.26207160,34.80258820
region_C_20260116_164320.jpg,2,31.26207160,34.80258820
region_C_20260116_164322.jpg,2,31.26207160,34.80258820
region_C_20260116_164325.jpg,2,31.26207160,34.80258820
region_C_20260116_164330.jpg,2,31.26207160,34.80258820
region_C_20260116_164332.jpg,2,31.26207160,34.80258820
region_C_20260116_164335.jpg,2,31.26207160,34.80258820
region_C_20260116_164337.jpg,2,31.26207164,34.80258825
region_C_20260116_164342.jpg,2,31.26207160,34.80258820
region_C_20260116_164344.jpg,2,31.26206310,34.80260140
region_C_20260116_164346.jpg,2,31.26201710,34.80265730
region_C_20260116_164348.jpg,2,31.26201710,34.80265730
region_C_20260116_164352.jpg,2,31.26201710,34.80265730
region_C_20260116_164355.jpg,2,31.26201710,34.80265730
region_C_20260116_164357.jpg,2,31.26201710,34.80265730
region_C_20260116_164359.jpg,2,31.26201716,34.80265732
region_C_20260116_164404.jpg,2,31.26201710,34.80265730
region_C_20260116_164407.jpg,2,31.26201710,34.80265730
region_C_20260116_164409.jpg,2,31.26201710,34.80265730
region_C_20260116_164412.jpg,2,31.26201716,34.80265732
region_C_20260116_164416.jpg,2,31.26201710,34.80265730
region_C_20260116_164419.jpg,2,31.26201710,34.80265730
region_C_20260116_164421.jpg,2,31.26201710,34.80265730
region_C_20260116_164423.jpg,2,31.26201716,34.80265732
region_C_20260116_164427.jpg,2,31.26201710,34.80265730
region_C_20260116_164430.jpg,2,31.26201710,34.80265730
region_C_20260116_164432.jpg,2,31.26201710,34.80265730
region_C_20260116_164434.jpg,2,31.26201716,34.80265732
region_C_20260116_164438.jpg,2,31.26201710,34.80265730
region_C_20260116_164441.jpg,2,31.26201710,34.80265730
region_C_20260116_164443.jpg,2,31.26204250,34.80268590
region_C_20260116_164445.jpg,2,31.26201691,34.80271742
region_C_20260116_164449.jpg,2,31.26201690,34.80271740
region_C_20260116_164452.jpg,2,31.26201690,34.80271740
region_C_20260116_164454.jpg,2,31.26201690,34.80271740
region_C_20260116_164457.jpg,2,31.26201690,34.80271740
region_C_20260116_164503.jpg,2,31.26201690,34.80271740
region_C_20260116_164506.jpg,2,31.26201690,34.80271740
region_C_20260116_164509.jpg,2,31.26201690,34.80271740
region_C_20260116_164511.jpg,2,31.26201691,34.80271742
region_C_20260116_164516.jpg,2,31.26201690,34.80271740
region_C_20260116_164518.jpg,2,31.26201690,34.80271740
region_C_20260116_164520.jpg,2,31.26201690,34.80271740
region_C_20260116_164522.jpg,2,31.26201690,34.80271740
region_C_20260116_164527.jpg,2,31.26201690,34.80271740
region_C_20260116_164529.jpg,2,31.26201690,34.80271740
region_C_20260116_164531.jpg,2,31.26201690,34.80271740
region_C_20260116_164533.jpg,2,31.26201691,34.80271742
region_C_20260116_164537.jpg,2,31.26201690,34.80271740
region_C_20260116_164540.jpg,2,31.26201690,34.80271740
region_C_20260116_164542.jpg,2,31.26201690,34.80271740
region_C_20260116_164544.jpg,2,31.26197360,34.80250880
region_C_20260116_164551.jpg,2,31.26197360,34.80250880
region_C_20260116_164554.jpg,2,31.26197360,34.80250880
region_C_20260116_164556.jpg,2,31.26197360,34.80250880
region_C_20260116_164558.jpg,2,31.26197370,34.80250887
region_C_20260116_164602.jpg,2,31.26197360,34.80250880
region_C_20260116_164605.jpg,2,31.26197360,34.80250880
region_C_20260116_164607.jpg,2,31.26197360,34.80250880
region_C_20260116_164609.jpg,2,31.26197360,34.80250880
region_C_20260116_164622.jpg,2,31.26197360,34.80250880
region_C_20260116_164624.jpg,2,31.26197360,34.80250880
region_C_20260116_164627.jpg,2,31.26197370,34.80250887
region_C_20260116_164630.jpg,2,31.26197360,34.80250880
region_C_20260116_164634.jpg,2,31.26197360,34.80250880
region_C_20260116_164636.jpg,2,31.26197360,34.80250880
region_C_20260116_164638.jpg,2,31.26197360,34.80250880
region_C_20260116_164640.jpg,2,31.26197360,34.80250880
region_C_20260116_164645.jpg,2,31.26197550,34.80265080
region_C_20260116_164647.jpg,2,31.26197554,34.80265086
region_C_20260116_164650.jpg,2,31.26197550,34.80265080
region_C_20260116_164652.jpg,2,31.26197550,34.80265080
region_C_20260116_164657.jpg,2,31.26197550,34.80265080
region_C_20260116_164659.jpg,2,31.26197550,34.80265080
region_C_20260116_164701.jpg,2,31.26197550,34.80265080
region_C_20260116_164705.jpg,2,31.26197550,34.80265080
region_C_20260116_164710.jpg,2,31.26197550,34.80265080
region_C_20260116_164712.jpg,2,31.26197554,34.80265086
region_C_20260116_164715.jpg,2,31.26197550,34.80265080
region_C_20260116_164717.jpg,2,31.26197550,34.80265080
region_C_20260116_164721.jpg,2,31.26197550,34.80265080
region_C_20260116_164724.jpg,2,31.26197554,34.80265086
region_C_20260116_164726.jpg,2,31.26197550,34.80265080
region_C_20260116_164729.jpg,2,31.26197550,34.80265080
region_C_20260116_164733.jpg,2,31.26197550,34.80265080
region_C_20260116_164735.jpg,2,31.26197550,34.80265080
region_C_20260116_164738.jpg,2,31.26197550,34.80265080
region_C_20260116_164740.jpg,2,31.26197550,34.80265080
region_C_20260116_164745.jpg,2,31.26199900,34.80277350
region_C_20260116_164747.jpg,2,31.26199900,34.80277350
region_C_20260116_164751.jpg,2,31.26199900,34.80277350
region_C_20260116_164753.jpg,2,31.26199900,34.80277350
region_C_20260116_164757.jpg,2,31.26199900,34.80277350
region_C_20260116_164800.jpg,2,31.26199900,34.80277350
region_C_20260116_164802.jpg,2,31.26199900,34.80277350
region_C_20260116_164805.jpg,2,31.26199900,34.80277350
region_C_20260116_164809.jpg,2,31.26199900,34.80277350
region_C_20260116_164812.jpg,2,31.26199900,34.80277350
region_C_20260116_164814.jpg,2,31.26199900,34.80277350
region_C_20260116_164816.jpg,2,31.26199900,34.80277350
region_C_20260116_164820.jpg,2,31.26199900,34.80277350
region_C_20260116_164822.jpg,2,31.26199900,34.80277350
region_C_20260116_164826.jpg,2,31.26199900,34.80277350
region_C_20260116_164828.jpg,2,31.26199900,34.80277350
region_C_20260116_164832.jpg,2,31.26199905,34.80277357
region_C_20260116_164834.jpg,2,31.26199900,34.80277350
region_C_20260116_164836.jpg,2,31.26199900,34.80277350
region_C_20260116_164838.jpg,2,31.26199900,34.80277350
region_C_20260116_164842.jpg,2,31.26188250,34.80287533
region_C_20260116_164845.jpg,2,31.26202560,34.80268220
region_C_20260116_164847.jpg,2,31.26202560,34.80268220
region_C_20260116_164849.jpg,2,31.26202560,34.80268220
region_C_20260116_164856.jpg,2,31.26202560,34.80268220
region_C_20260116_164859.jpg,2,31.26202560,34.80268220
region_C_20260116_164903.jpg,2,31.26202560,34.80268220
region_C_20260116_164905.jpg,2,31.26202560,34.80268220