resized_filename,region,latitude,longitude
region_A_IMG_5388.jpg,A,31.26165833,34.80434444
region_A_IMG_5389.jpg,A,31.26165833,34.80434444
region_A_IMG_5390.jpg,A,31.26166667,34.80434722
region_A_IMG_5391.jpg,A,31.26166667,34.80434722
region_A_IMG_5392.jpg,A,31.26166667,34.80435278
region_A_IMG_5393.jpg,A,31.26167222,34.80434444
region_A_IMG_5394.jpg,A,31.26166667,34.80434722
region_A_IMG_5395.jpg,A,31.26166389,34.80434444
region_A_IMG_5396.jpg,A,31.26167222,34.80434167
region_A_IMG_5397.jpg,A,31.26171389,34.80436389
region_A_IMG_5398.jpg,A,31.26171389,34.80436389
region_A_IMG_5399.jpg,A,31.26178889,34.80443056
region_A_IMG_5400.jpg,A,31.2618,34.80442778
region_A_IMG_5401.jpg,A,31.26184167,34.80439444
region_A_IMG_5402.jpg,A,31.26184167,34.80438889
region_A_IMG_5403.jpg,A,31.26184167,34.80439444
region_A_IMG_5404.jpg,A,31.26183889,34.80439722
region_A_IMG_5405.jpg,A,31.26183611,34.80439444
region_A_IMG_5406.jpg,A,31.26183611,34.80438611
region_A_IMG_5407.jpg,A,31.26183611,34.80438611
region_A_IMG_5408.jpg,A,31.26183611,34.80438611
region_A_IMG_5409.jpg,A,31.26183056,34.80438333
region_A_IMG_5410.jpg,A,31.26196667,34.80438333
region_A_IMG_5411.jpg,A,31.26196111,34.80438333
region_A_IMG_5412.jpg,A,31.26195833,34.80438611
region_A_IMG_5413.jpg,A,31.26196111,34.80438611
region_A_IMG_5414.jpg,A,31.26196111,34.80438333
region_A_IMG_5415.jpg,A,31.26195833,34.80438333
region_A_IMG_5416.jpg,A,31.26195833,34.80438333
region_A_IMG_5417.jpg,A,31.26195833,34.80437778
region_A_IMG_5419.jpg,A,31.26202778,34.80430556
region_A_IMG_5420.jpg,A,31.26209722,34.80433611
region_A_IMG_5421.jpg,A,31.26209722,34.80433611
region_A_IMG_5422.jpg,A,31.2621,34.80433611
region_A_IMG_5423.jpg,A,31.26209167,34.80437222
region_A_IMG_5424.jpg,A,31.26208333,34.80437778
region_A_IMG_5425.jpg,A,31.26209167,34.80437778
region_A_IMG_5426.jpg,A,31.26206944,34.80438333
region_A_IMG_5427.jpg,A,31.26206667,34.80438333
region_A_IMG_5428.jpg,A,31.26206667,34.804375
region_A_IMG_5429.jpg,A,31.26206667,34.804375
region_A_IMG_5430.jpg,A,31.26206667,34.804375
region_A_IMG_5431.jpg,A,31.26206667,34.804375
region_A_IMG_5432.jpg,A,31.262075,34.80436667
region_A_IMG_5433.jpg,A,31.26206944,34.80438889
region_A_IMG_5434.jpg,A,31.26225556,34.804325
region_A_IMG_5435.jpg,A,31.26226389,34.80432222
region_A_IMG_5436.jpg,A,31.26226389,34.804325
region_A_IMG_5437.jpg,A,31.26228333,34.80435278
region_A_IMG_5438.jpg,A,31.26228611,34.80438611
region_A_IMG_5439.jpg,A,31.26228611,34.80440278
region_A_IMG_5440.jpg,A,31.26229722,34.80441944
region_A_IMG_5441.jpg,A,31.26231111,34.80442778
region_A_IMG_5442.jpg,A,31.26232778,34.80440556
region_A_IMG_5443.jpg,A,31.26231111,34.80440556
region_A_IMG_5444.jpg,A,31.26230833,34.80441389
region_A_IMG_5445.jpg,A,31.26231944,34.80441944
region_A_IMG_5446.jpg,A,31.26235833,34.80429722
region_A_IMG_5447.jpg,A,31.26235556,34.80431389
region_A_IMG_5448.jpg,A,31.26235278,34.80432222
region_A_IMG_5449.jpg,A,31.26234167,34.80431667
region_A_IMG_5450.jpg,A,31.26234444,34.80431389
region_A_IMG_5451.jpg,A,31.26234722,34.804325
region_A_IMG_5452.jpg,A,31.26234167,34.80432778
region_A_IMG_5453.jpg,A,31.26233889,34.80432778
region_A_IMG_5454.jpg,A,31.26234722,34.80431667
region_A_IMG_5455.jpg,A,31.26235556,34.80432778
region_A_IMG_5456.jpg,A,31.26235,34.80433611
region_A_IMG_5457.jpg,A,31.26234167,34.80432778
region_A_IMG_5458.jpg,A,31.26233611,34.804325
region_A_IMG_5459.jpg,A,31.26233889,34.804325
region_A_IMG_5460.jpg,A,31.26228611,34.80432778
region_A_IMG_5461.jpg,A,31.26214167,34.804275
region_A_IMG_5462.jpg,A,31.26214167,34.804275
region_A_IMG_5463.jpg,A,31.26214167,34.804275
region_A_IMG_5464.jpg,A,31.26214167,34.804275
region_A_IMG_5465.jpg,A,31.26214167,34.80430278
region_A_IMG_5466.jpg,A,31.26213889,34.80429444
region_A_IMG_5467.jpg,A,31.26214167,34.80429167
region_A_IMG_5468.jpg,A,31.26214167,34.80429444
region_A_IMG_5469.jpg,A,31.26213889,34.80430556
region_A_IMG_5470.jpg,A,31.26214167,34.80430278
region_A_IMG_5471.jpg,A,31.26213889,34.80429444
region_A_IMG_5472.jpg,A,31.26214722,34.80428056
region_A_IMG_5473.jpg,A,31.26201389,34.80428611
region_A_IMG_5474.jpg,A,31.26201389,34.80428611
region_A_IMG_5475.jpg,A,31.26201667,34.804275
region_A_IMG_5476.jpg,A,31.26198333,34.80430278
region_A_IMG_5477.jpg,A,31.26200556,34.80428333
region_A_IMG_5478.jpg,A,31.26201389,34.80429444
region_A_IMG_5479.jpg,A,31.26201944,34.80429722
region_A_IMG_5480.jpg,A,31.26201111,34.80429444
region_A_IMG_5481.jpg,A,31.26200556,34.80429722
region_A_IMG_5482.jpg,A,31.26201111,34.80429167
region_A_IMG_5483.jpg,A,31.26200556,34.80429722
region_A_IMG_5484.jpg,A,31.26201111,34.80428611
region_A_IMG_5485.jpg,A,31.26183889,34.80428611
region_A_IMG_5486.jpg,A,31.26183889,34.80428611
region_A_IMG_5487.jpg,A,31.2618,34.80429444
region_A_IMG_5488.jpg,A,31.26184167,34.80429722
region_A_IMG_5489.jpg,A,31.261825,34.80430556
region_A_IMG_5490.jpg,A,31.26184167,34.80430278
region_A_IMG_5491.jpg,A,31.26184167,34.80430278
region_A_IMG_5492.jpg,A,31.26184167,34.80430278
region_A_IMG_5493.jpg,A,31.26184167,34.80429722
region_A_IMG_5494.jpg,A,31.26183889,34.80429722
region_A_IMG_5495.jpg,A,31.26183611,34.80429167
region_A_IMG_5496.jpg,A,31.26183611,34.80429167
region_A_IMG_5497.jpg,A,31.2618,34.80411667
region_A_IMG_5498.jpg,A,31.26179167,34.80411111
region_A_IMG_5499.jpg,A,31.26179444,34.80411944
region_A_IMG_5500.jpg,A,31.26179722,34.80412778
region_A_IMG_5501.jpg,A,31.2618,34.80412778
region_A_IMG_5502.jpg,A,31.26180556,34.80413333
region_A_IMG_5503.jpg,A,31.26181111,34.80413056
region_A_IMG_5504.jpg,A,31.26180278,34.80412778
region_A_IMG_5505.jpg,A,31.2618,34.80412778
region_A_IMG_5506.jpg,A,31.26180556,34.80413056
region_A_IMG_5507.jpg,A,31.26186944,34.804225
region_A_IMG_5508.jpg,A,31.26183611,34.80423611
region_A_IMG_5509.jpg,A,31.26183611,34.80423611
region_A_IMG_5510.jpg,A,31.2618,34.80393889
region_A_IMG_5511.jpg,A,31.26181111,34.80394444
region_A_IMG_5512.jpg,A,31.26181667,34.80394722
region_A_IMG_5513.jpg,A,31.26183056,34.80395556
region_A_IMG_5514.jpg,A,31.26183056,34.80395556
region_A_IMG_5515.jpg,A,31.26182222,34.80395556
region_A_IMG_5516.jpg,A,31.26181667,34.80396944
region_A_IMG_5517.jpg,A,31.26181111,34.803975
region_A_IMG_5518.jpg,A,31.26186667,34.80393333
region_A_IMG_5519.jpg,A,31.26184167,34.80395
region_A_IMG_5520.jpg,A,31.26184722,34.80395833
region_A_IMG_5521.jpg,A,31.26182778,34.80394444
region_A_IMG_5522.jpg,A,31.26181667,34.80394722
region_A_IMG_5523.jpg,A,31.26186667,34.80395
region_A_IMG_5524.jpg,A,31.261875,34.80396389
region_A_IMG_5525.jpg,A,31.26184167,34.80394722
region_A_IMG_5526.jpg,A,31.26183056,34.80393611
region_A_IMG_5527.jpg,A,31.26183611,34.80394444
region_A_IMG_5528.jpg,A,31.26183056,34.80395833
region_A_IMG_5529.jpg,A,31.261825,34.80395
region_A_IMG_5530.jpg,A,31.26182222,34.80395556
region_A_IMG_5531.jpg,A,31.26183056,34.80394722
region_A_IMG_5532.jpg,A,31.261825,34.80393611
region_A_IMG_5533.jpg,A,31.26181111,34.80392778
region_A_IMG_5534.jpg,A,31.26179444,34.80388611
region_A_IMG_5535.jpg,A,31.26175278,34.80384722
region_A_IMG_5536.jpg,A,31.26175833,34.80383056
region_A_IMG_5537.jpg,A,31.26173611,34.80386667
region_A_IMG_5538.jpg,A,31.26174167,34.80378611
region_A_IMG_5539.jpg,A,31.26176389,34.80363889
region_A_IMG_5540.jpg,A,31.26175,34.80369167
region_A_IMG_5541.jpg,A,31.26175,34.80369167
region_A_IMG_5542.jpg,A,31.26176111,34.80363333
region_A_IMG_5543.jpg,A,31.26176389,34.80356944
region_A_IMG_5544.jpg,A,31.26176389,34.80361944
region_A_IMG_5545.jpg,A,31.2618,34.80365833
region_A_IMG_5546.jpg,A,31.26184722,34.80363333
region_A_IMG_5547.jpg,A,31.26183889,34.80367778
region_A_IMG_5548.jpg,A,31.26181111,34.80362778
region_A_IMG_5549.jpg,A,31.26198889,34.80396667
region_A_IMG_5550.jpg,A,31.26199444,34.80393889
region_A_IMG_5551.jpg,A,31.26199167,34.80393889
region_A_IMG_5552.jpg,A,31.26198889,34.80394722
region_A_IMG_5553.jpg,A,31.26198889,34.80395
region_A_IMG_5554.jpg,A,31.26198333,34.80395
region_A_IMG_5555.jpg,A,31.26198889,34.80394444
region_A_IMG_5556.jpg,A,31.26198611,34.80394444
region_A_IMG_5557.jpg,A,31.26198333,34.80394444
region_A_IMG_5558.jpg,A,31.26198056,34.80394444
region_A_IMG_5559.jpg,A,31.26198056,34.80394444
region_A_IMG_5560.jpg,A,31.26197778,34.80394722
region_A_IMG_5561.jpg,A,31.26197778,34.80395
region_A_IMG_5562.jpg,A,31.261975,34.80395556
region_A_IMG_5563.jpg,A,31.26197778,34.80396389
region_A_IMG_5564.jpg,A,31.26198056,34.80396667
region_A_IMG_5565.jpg,A,31.26214167,34.80393889
region_A_IMG_5566.jpg,A,31.26214167,34.80393889
region_A_IMG_5567.jpg,A,31.26214167,34.80393889
region_A_IMG_5568.jpg,A,31.26214167,34.80393889
region_A_IMG_5569.jpg,A,31.26213889,34.80393889
region_A_IMG_5570.jpg,A,31.26213889,34.80393611
region_A_IMG_5571.jpg,A,31.26213889,34.80393611
region_A_IMG_5572.jpg,A,31.26213889,34.80393333
region_A_IMG_5573.jpg,A,31.26213889,34.80391944
region_A_IMG_5574.jpg,A,31.26213889,34.80391667
region_A_IMG_5575.jpg,A,31.26214722,34.80391667
region_A_IMG_5576.jpg,A,31.26213333,34.80393333
region_A_IMG_5577.jpg,A,31.26213611,34.80394444
region_A_IMG_5578.jpg,A,31.26213611,34.80394444
region_A_IMG_5579.jpg,A,31.26211667,34.804
region_A_IMG_5580.jpg,A,31.26209722,34.80401667
region_A_IMG_5581.jpg,A,31.26208056,34.80402778
region_A_IMG_5582.jpg,A,31.26217222,34.80415833
region_A_IMG_5583.jpg,A,31.26218333,34.80414444
region_A_IMG_5584.jpg,A,31.26219444,34.80413889
region_A_IMG_5585.jpg,A,31.26219444,34.80413056
region_A_IMG_5586.jpg,A,31.26219167,34.80412778
region_A_IMG_5587.jpg,A,31.2622,34.80411944
region_A_IMG_5588.jpg,A,31.26218889,34.80411111
region_A_IMG_5589.jpg,A,31.26219167,34.80411667
region_A_IMG_5590.jpg,A,31.26218889,34.80411667
region_A_IMG_5591.jpg,A,31.26208611,34.80406667
region_A_IMG_5592.jpg,A,31.26208611,34.80406667
region_A_IMG_5593.jpg,A,31.26208611,34.80406667
region_A_IMG_5594.jpg,A,31.26208056,34.80406111
region_A_IMG_5595.jpg,A,31.26208056,34.80406111
region_A_IMG_5596.jpg,A,31.26213889,34.80394444
region_A_IMG_5597.jpg,A,31.26219722,34.80381667
region_A_IMG_5598.jpg,A,31.26217778,34.80385833
region_A_IMG_5599.jpg,A,31.26217778,34.80385278
region_A_IMG_5600.jpg,A,31.26221944,34.80378333
region_A_IMG_5601.jpg,A,31.26223889,34.8038
region_A_IMG_5602.jpg,A,31.26223889,34.80378611
region_A_IMG_5603.jpg,A,31.26225,34.80378611
region_A_IMG_5604.jpg,A,31.26223333,34.80381111
region_A_IMG_5605.jpg,A,31.26226389,34.80381667
region_A_IMG_5606.jpg,A,31.26227778,34.80381111
region_A_IMG_5607.jpg,A,31.26229722,34.803725
region_A_IMG_5608.jpg,A,31.26228611,34.80369167
region_A_IMG_5609.jpg,A,31.26233889,34.8037
region_A_IMG_5610.jpg,A,31.26255,34.80371389
region_A_IMG_5611.jpg,A,31.26235278,34.80366111
region_A_IMG_5612.jpg,A,31.262275,34.80362778
region_A_IMG_5613.jpg,A,31.26229167,34.80362222
region_A_IMG_5614.jpg,A,31.26233611,34.80361667
region_A_IMG_5615.jpg,A,31.26237778,34.80359722
region_A_IMG_5616.jpg,A,31.26237778,34.80359722
region_A_IMG_5617.jpg,A,31.26204722,34.80424167
region_A_IMG_5618.jpg,A,31.26205556,34.80424167
region_A_IMG_5619.jpg,A,31.26205556,34.80424167
region_A_IMG_5620.jpg,A,31.26205556,34.80424167
region_A_IMG_5621.jpg,A,31.26205556,34.80424444
region_A_IMG_5622.jpg,A,31.26205833,34.80424444
region_A_IMG_5623.jpg,A,31.26206111,34.80425
region_A_IMG_5624.jpg,A,31.26205833,34.80425556
region_A_IMG_5625.jpg,A,31.26205278,34.80425278
region_A_IMG_5626.jpg,A,31.26205556,34.80425
region_A_IMG_5627.jpg,A,31.26204167,34.80423056
region_A_IMG_5628.jpg,A,31.26204167,34.80423056
region_A_IMG_5629.jpg,A,31.26196944,34.80425278
region_A_IMG_5630.jpg,A,31.26196389,34.80425278
region_A_IMG_5631.jpg,A,31.26196389,34.80425278
region_A_IMG_5632.jpg,A,31.26196667,34.80425
region_A_IMG_5633.jpg,A,31.26196944,34.80425
region_A_IMG_5634.jpg,A,31.26196944,34.80425
region_A_IMG_5635.jpg,A,31.26196944,34.80425278
region_A_IMG_5636.jpg,A,31.26196944,34.80425278
region_A_IMG_5637.jpg,A,31.261975,34.80425278
region_A_IMG_5638.jpg,A,31.26191111,34.80427222
region_A_IMG_5639.jpg,A,31.26190278,34.80427222
region_A_IMG_5640.jpg,A,31.26190278,34.80426389
region_A_IMG_5641.jpg,A,31.26190278,34.80426389
region_A_IMG_5642.jpg,A,31.26189444,34.80426111
region_A_IMG_5643.jpg,A,31.26189444,34.80425556
region_A_IMG_5644.jpg,A,31.26189444,34.80425556
region_A_IMG_5645.jpg,A,31.26189167,34.80426111
region_A_IMG_5646.jpg,A,31.26188889,34.80426111
region_A_IMG_5647.jpg,A,31.26187222,34.80420278
region_A_IMG_5648.jpg,A,31.26187222,34.80420278
region_A_IMG_5649.jpg,A,31.26187222,34.80419444
region_A_IMG_5650.jpg,A,31.26187222,34.80419444
region_A_IMG_5651.jpg,A,31.26187222,34.80419444
region_A_IMG_5652.jpg,A,31.26186944,34.80421389
region_A_IMG_5653.jpg,A,31.26186667,34.80420556
region_A_IMG_5654.jpg,A,31.26186944,34.80421111
region_A_IMG_5655.jpg,A,31.26187778,34.80421111
region_A_IMG_5656.jpg,A,31.26186944,34.80421944
region_A_IMG_5657.jpg,A,31.26185278,34.80422222
region_A_IMG_5658.jpg,A,31.26190278,34.80416944
region_A_IMG_5659.jpg,A,31.26190278,34.80416944
region_A_IMG_5660.jpg,A,31.26190278,34.80417222
region_A_IMG_5661.jpg,A,31.26190556,34.80417222
region_A_IMG_5662.jpg,A,31.26190556,34.80416944
region_A_IMG_5663.jpg,A,31.26190278,34.80416944
region_A_IMG_5664.jpg,A,31.26190278,34.80416944
region_A_IMG_5665.jpg,A,31.26190278,34.80416389
region_A_IMG_5666.jpg,A,31.2619,34.80415
region_A_IMG_5667.jpg,A,31.26189444,34.80413889
region_A_IMG_5668.jpg,A,31.26189444,34.80413889
region_A_IMG_5669.jpg,A,31.26189444,34.80413889
region_A_IMG_5670.jpg,A,31.26189444,34.80413889
region_A_IMG_5671.jpg,A,31.26192222,34.80421111
region_A_IMG_5672.jpg,A,31.26189722,34.804275
region_A_IMG_5673.jpg,A,31.26189722,34.804275
region_A_IMG_5674.jpg,A,31.26196111,34.80418889
region_A_IMG_5675.jpg,A,31.26206111,34.80416111
region_A_IMG_5676.jpg,A,31.26206111,34.80416111
region_A_IMG_5677.jpg,A,31.262025,34.80415278
region_A_IMG_5678.jpg,A,31.26201111,34.80414167
region_A_IMG_5679.jpg,A,31.26201667,34.80414167
region_A_IMG_5680.jpg,A,31.262025,34.80414444
region_A_IMG_5681.jpg,A,31.26201944,34.80415
region_A_IMG_5682.jpg,A,31.26201667,34.80414444
region_A_IMG_5683.jpg,A,31.26211667,34.80421389
region_A_IMG_5684.jpg,A,31.26211389,34.80421111
region_A_IMG_5685.jpg,A,31.26211111,34.80421111
region_A_IMG_5686.jpg,A,31.26210833,34.80421111
region_A_IMG_5687.jpg,A,31.26210278,34.80421389
region_A_IMG_5688.jpg,A,31.26210278,34.80421389
region_A_IMG_5689.jpg,A,31.26208611,34.80422222
region_A_IMG_5690.jpg,A,31.26208333,34.80421944
region_A_IMG_5691.jpg,A,31.26208333,34.80421944
region_A_IMG_5692.jpg,A,31.26208333,34.80421944
region_A_IMG_5693.jpg,A,31.26206111,34.80423611
region_A_IMG_5694.jpg,A,31.26207222,34.80423333
region_A_IMG_5695.jpg,A,31.26208056,34.80408889
region_A_IMG_5696.jpg,A,31.26208333,34.80409167
region_A_IMG_5697.jpg,A,31.26207778,34.80408889
region_A_IMG_5698.jpg,A,31.26206111,34.80406667
region_A_IMG_5699.jpg,A,31.26205556,34.80406944
region_A_IMG_5700.jpg,A,31.26205278,34.80406111
region_A_IMG_5701.jpg,A,31.26206111,34.80406111
region_A_IMG_5702.jpg,A,31.26205278,34.80406111
region_A_IMG_5703.jpg,A,31.26206111,34.80406667
region_A_IMG_5704.jpg,A,31.26206111,34.80408889
region_A_IMG_5705.jpg,A,31.26205,34.80407222
region_A_IMG_5706.jpg,A,31.26206667,34.80408889
region_A_IMG_5707.jpg,A,31.26207222,34.80408889
region_A_IMG_5708.jpg,A,31.26195833,34.80408056
region_A_IMG_5709.jpg,A,31.26194722,34.80409722
region_A_IMG_5710.jpg,A,31.26189722,34.80409722
region_A_IMG_5711.jpg,A,31.26189722,34.80409167
region_A_IMG_5712.jpg,A,31.26191944,34.80408056
region_A_IMG_5713.jpg,A,31.26192222,34.80407778
region_A_IMG_5714.jpg,A,31.26192778,34.80407778
region_A_IMG_5715.jpg,A,31.26195278,34.80408611
region_A_IMG_5716.jpg,A,31.26195833,34.80408889
region_A_IMG_5717.jpg,A,31.26198889,34.80406944
region_A_IMG_5718.jpg,A,31.26198056,34.80406944
region_A_IMG_5719.jpg,A,31.26198056,34.80406944
region_A_IMG_5720.jpg,A,31.26200556,34.80396389
region_A_IMG_5721.jpg,A,31.26200556,34.80396667
region_A_IMG_5722.jpg,A,31.26190278,34.80408889
region_A_IMG_5723.jpg,A,31.26189722,34.80403611
region_A_IMG_5724.jpg,A,31.26193333,34.80403611
region_A_IMG_5725.jpg,A,31.26193333,34.80403611
region_A_IMG_5726.jpg,A,31.26191111,34.80404167
region_A_IMG_5727.jpg,A,31.26191389,34.80404167
region_A_IMG_5728.jpg,A,31.26190833,34.80403056
region_A_IMG_5729.jpg,A,31.26190278,34.80403611
region_A_IMG_5730.jpg,A,31.26186389,34.80401667
region_A_IMG_5731.jpg,A,31.26186111,34.80402778
region_A_IMG_5732.jpg,A,31.26185556,34.80404167
region_A_IMG_5733.jpg,A,31.26196111,34.80401944
region_A_IMG_5734.jpg,A,31.26196944,34.80401111
region_A_IMG_5735.jpg,A,31.26193889,34.80403889
region_A_IMG_5736.jpg,A,31.26193333,34.80403889
region_A_IMG_5737.jpg,A,31.26191389,34.80402778
region_A_IMG_5738.jpg,A,31.26194444,34.80404722
region_A_IMG_5739.jpg,A,31.26195278,34.80402778
region_A_IMG_5740.jpg,A,31.26195278,34.804025
region_A_IMG_5741.jpg,A,31.26196944,34.80401111
region_A_IMG_5742.jpg,A,31.26197778,34.80401667
region_A_IMG_5743.jpg,A,31.26199722,34.804025
region_A_IMG_5744.jpg,A,31.26199444,34.80403056
region_A_IMG_5745.jpg,A,31.262,34.80401111
region_A_IMG_5746.jpg,A,31.26201389,34.80401111
region_A_IMG_5747.jpg,A,31.26200833,34.80400833
region_A_IMG_5748.jpg,A,31.262,34.80401944
region_A_IMG_5749.jpg,A,31.26199167,34.80400833
region_A_IMG_5750.jpg,A,31.26199444,34.804
region_A_IMG_5751.jpg,A,31.26199444,34.804
region_A_IMG_5752.jpg,A,31.26199444,34.804
region_A_IMG_5753.jpg,A,31.26199722,34.804
region_A_IMG_5754.jpg,A,31.26199722,34.80398889
region_A_IMG_5755.jpg,A,31.26199722,34.804
region_A_IMG_5756.jpg,A,31.26199722,34.804
region_A_IMG_5757.jpg,A,31.26201111,34.804
region_A_IMG_5758.jpg,A,31.26198611,34.80409167
region_A_IMG_5759.jpg,A,31.26203611,34.80400833
region_A_IMG_5760.jpg,A,31.26201667,34.80402778
region_A_IMG_5761.jpg,A,31.26204444,34.80399722
region_A_IMG_5762.jpg,A,31.26206667,34.80399444
region_B_IMG_20260111_153235.jpg,B,31.26183250,34.80349150
region_B_IMG_20260111_153239.jpg,B,31.26183250,34.80349150
region_B_IMG_20260111_153242.jpg,B,31.26183250,34.80349150
region_B_IMG_20260111_153245.jpg,B,31.26183250,34.80349150
region_B_IMG_20260111_153249.jpg,B,31.26183250,34.80349150
region_B_IMG_20260111_153252.jpg,B,31.26183400,34.80346550
region_B_IMG_20260111_153256.jpg,B,31.26183400,34.80346550
region_B_IMG_20260111_153259.jpg,B,31.26183400,34.80346550
region_B_IMG_20260111_153303.jpg,B,31.26183400,34.80346550
region_B_IMG_20260111_153306.jpg,B,31.26183400,34.80346550
region_B_IMG_20260111_153310.jpg,B,31.26183400,34.80346550
region_B_IMG_20260111_153313.jpg,B,31.26187970,34.80340650
region_B_IMG_20260111_153316.jpg,B,31.26187970,34.80340650
region_B_IMG_20260111_153319.jpg,B,31.26187970,34.80340650
region_B_IMG_20260111_153323.jpg,B,31.26187970,34.80340650
region_B_IMG_20260111_153328.jpg,B,31.26187970,34.80340650
region_B_IMG_20260111_153332.jpg,B,31.26187240,34.80348090
region_B_IMG_20260111_153334.jpg,B,31.26187240,34.80348090
region_B_IMG_20260111_153337.jpg,B,31.26187240,34.80348090
region_B_IMG_20260111_153341.jpg,B,31.26187240,34.80348090
region_B_IMG_20260111_153344.jpg,B,31.26187240,34.80348090
region_B_IMG_20260111_153347.jpg,B,31.26187240,34.80348090
region_B_IMG_20260111_153350.jpg,B,31.26187240,34.80348090
region_B_IMG_20260111_153353.jpg,B,31.26184810,34.80350050
region_B_IMG_20260111_153356.jpg,B,31.26184810,34.80350050
region_B_IMG_20260111_153359.jpg,B,31.26184810,34.80350050
region_B_IMG_20260111_153402.jpg,B,31.26184810,34.80350050
region_B_IMG_20260111_153405.jpg,B,31.26184810,34.80350050
region_B_IMG_20260111_153408.jpg,B,31.26184810,34.80350050
region_B_IMG_20260111_153425.jpg,B,31.26182460,34.80351580
region_B_IMG_20260111_153429.jpg,B,31.26182460,34.80351580
region_B_IMG_20260111_153431.jpg,B,31.26183730,34.80346530
region_B_IMG_20260111_153434.jpg,B,31.26183730,34.80346530
region_B_IMG_20260111_153437.jpg,B,31.26183730,34.80346530
region_B_IMG_20260111_153440.jpg,B,31.26183730,34.80346530
region_B_IMG_20260111_153443.jpg,B,31.26183730,34.80346530
region_B_IMG_20260111_153447.jpg,B,31.26183730,34.80346530
region_B_IMG_20260111_153450.jpg,B,31.26183730,34.80346530
region_B_IMG_20260111_153454.jpg,B,31.26194240,34.80352940
region_B_IMG_20260111_153457.jpg,B,31.26194240,34.80352940
region_B_IMG_20260111_153500.jpg,B,31.26194240,34.80352940
region_B_IMG_20260111_153502.jpg,B,31.26194240,34.80352940
region_B_IMG_20260111_153505.jpg,B,31.26194240,34.80352940
region_B_IMG_20260111_153508.jpg,B,31.26194240,34.80352940
region_B_IMG_20260111_153511.jpg,B,31.26211340,34.80360240
region_B_IMG_20260111_153514.jpg,B,31.26211340,34.80360240
region_B_IMG_20260111_153517.jpg,B,31.26211340,34.80360240
region_B_IMG_20260111_153520.jpg,B,31.26211340,34.80360240
region_B_IMG_20260111_153524.jpg,B,31.26211340,34.80360240
region_B_IMG_20260111_153527.jpg,B,31.26211340,34.80360240
region_B_IMG_20260111_153530.jpg,B,31.26211340,34.80360240
region_B_IMG_20260111_153536.jpg,B,31.26215590,34.80354850
region_B_IMG_20260111_153539.jpg,B,31.26215590,34.80354850
region_B_IMG_20260111_153542.jpg,B,31.26215590,34.80354850
region_B_IMG_20260111_153545.jpg,B,31.26215590,34.80354850
region_B_IMG_20260111_153548.jpg,B,31.26215590,34.80354850
region_B_IMG_20260111_153551.jpg,B,31.26212870,34.80355580
region_B_IMG_20260111_153555.jpg,B,31.26212870,34.80355580
region_B_IMG_20260111_153557.jpg,B,31.26212870,34.80355580
region_B_IMG_20260111_153601.jpg,B,31.26212870,34.80355580
region_B_IMG_20260111_153604.jpg,B,31.26212870,34.80355580
region_B_IMG_20260111_153607.jpg,B,31.26212870,34.80355580
region_B_IMG_20260111_153611.jpg,B,31.26212870,34.80355580
region_B_IMG_20260111_153614.jpg,B,31.26204290,34.80350810
region_B_IMG_20260111_153618.jpg,B,31.26204290,34.80350810
region_B_IMG_20260111_153621.jpg,B,31.26204290,34.80350810
region_B_IMG_20260111_153624.jpg,B,31.26204290,34.80350810
region_B_IMG_20260111_153627.jpg,B,31.26204290,34.80350810
region_B_IMG_20260111_153631.jpg,B,31.26204290,34.80350810
region_B_IMG_20260111_153634.jpg,B,31.26185630,34.80347770
region_B_IMG_20260111_153637.jpg,B,31.26185630,34.80347770
region_B_IMG_20260111_153641.jpg,B,31.26185630,34.80347770
region_B_IMG_20260111_153644.jpg,B,31.26185630,34.80347770
region_B_IMG_20260111_153716.jpg,B,31.26188040,34.80322740
region_B_IMG_20260111_153719.jpg,B,31.26188040,34.80322740
region_B_IMG_20260111_153721.jpg,B,31.26188040,34.80322740
region_B_IMG_20260111_153724.jpg,B,31.26188040,34.80322740
region_B_IMG_20260111_153738.jpg,B,31.26198050,34.80351360
region_B_IMG_20260111_153741.jpg,B,31.26198050,34.80351360
region_B_IMG_20260111_153744.jpg,B,31.26198050,34.80351360
region_B_IMG_20260111_153747.jpg,B,31.26198050,34.80351360
region_B_IMG_20260111_153750.jpg,B,31.26198050,34.80351360
region_B_IMG_20260111_153754.jpg,B,31.26187590,34.80325330
region_B_IMG_20260111_153757.jpg,B,31.26187590,34.80325330
region_B_IMG_20260111_153801.jpg,B,31.26187590,34.80325330
region_B_IMG_20260111_153804.jpg,B,31.26187590,34.80325330
region_B_IMG_20260111_153807.jpg,B,31.26187590,34.80325330
region_B_IMG_20260111_153811.jpg,B,31.26187590,34.80325330
region_B_IMG_20260111_153814.jpg,B,31.26213230,34.80354880
region_B_IMG_20260111_153817.jpg,B,31.26213230,34.80354880
region_B_IMG_20260111_153821.jpg,B,31.26213230,34.80354880
region_B_IMG_20260111_153824.jpg,B,31.26213230,34.80354880
region_B_IMG_20260111_153827.jpg,B,31.26213230,34.80354880
region_B_IMG_20260111_153830.jpg,B,31.26213230,34.80354880
region_B_IMG_20260111_153834.jpg,B,31.26214620,34.80327620
region_B_IMG_20260111_153837.jpg,B,31.26214620,34.80327620
region_B_IMG_20260111_153843.jpg,B,31.26214620,34.80327620
region_B_IMG_20260111_153846.jpg,B,31.26214620,34.80327620
region_B_IMG_20260111_153849.jpg,B,31.26214620,34.80327620
region_B_IMG_20260111_153853.jpg,B,31.26213740,34.80341660
region_B_IMG_20260111_153856.jpg,B,31.26213740,34.80341660
region_B_IMG_20260111_153859.jpg,B,31.26213740,34.80341660
region_B_IMG_20260111_153902.jpg,B,31.26213740,34.80341660
region_B_IMG_20260111_153905.jpg,B,31.26213740,34.80341660
region_B_IMG_20260111_153909.jpg,B,31.26213740,34.80341660
region_B_IMG_20260111_153912.jpg,B,31.26209770,34.80335200
region_B_IMG_20260111_153914.jpg,B,31.26209770,34.80335200
region_B_IMG_20260111_153917.jpg,B,31.26209770,34.80335200
region_B_IMG_20260111_153920.jpg,B,31.26209770,34.80335200
region_B_IMG_20260111_153923.jpg,B,31.26209770,34.80335200
region_B_IMG_20260111_153927.jpg,B,31.26209770,34.80335200
region_B_IMG_20260111_153930.jpg,B,31.26209770,34.80335200
region_B_IMG_20260111_153933.jpg,B,31.26184370,34.80322560
region_B_IMG_20260111_153936.jpg,B,31.26184370,34.80322560
region_B_IMG_20260111_153939.jpg,B,31.26184370,34.80322560
region_B_IMG_20260111_153944.jpg,B,31.26184370,34.80322560
region_B_IMG_20260111_153947.jpg,B,31.26184370,34.80322560
region_B_IMG_20260111_153951.jpg,B,31.26184370,34.80322560
region_B_IMG_20260111_154036.jpg,B,31.26210760,34.80331520
region_B_IMG_20260111_154039.jpg,B,31.26210760,34.80331520
region_B_IMG_20260111_154043.jpg,B,31.26210760,34.80331520
region_B_IMG_20260111_154052.jpg,B,31.26211550,34.80336790
region_B_IMG_20260111_154055.jpg,B,31.26211550,34.80336790
region_B_IMG_20260111_154058.jpg,B,31.26211550,34.80336790
region_B_IMG_20260111_154102.jpg,B,31.26211550,34.80336790
region_B_IMG_20260111_154105.jpg,B,31.26211550,34.80336790
region_B_IMG_20260111_154108.jpg,B,31.26211550,34.80336790
region_B_IMG_20260111_154112.jpg,B,31.26209970,34.80344140
region_B_IMG_20260111_154117.jpg,B,31.26209970,34.80344140
region_B_IMG_20260111_154120.jpg,B,31.26209970,34.80344140
region_B_IMG_20260111_154123.jpg,B,31.26209970,34.80344140
region_B_IMG_20260111_154124.jpg,B,31.26209970,34.80344140
region_B_IMG_20260111_154127.jpg,B,31.26209970,34.80344140
region_B_IMG_20260111_154130.jpg,B,31.26209970,34.80344140
region_B_IMG_20260111_154133.jpg,B,31.26214530,34.80360010
region_B_IMG_20260111_154141.jpg,B,31.26214530,34.80360010
region_B_IMG_20260111_154144.jpg,B,31.26214530,34.80360010
region_B_IMG_20260111_154147.jpg,B,31.26214530,34.80360010
region_B_IMG_20260111_154155.jpg,B,31.26214670,34.80357060
region_B_IMG_20260111_154159.jpg,B,31.26214670,34.80357060
region_B_IMG_20260111_154203.jpg,B,31.26214670,34.80357060
region_B_IMG_20260111_154206.jpg,B,31.26214670,34.80357060
region_B_IMG_20260111_154210.jpg,B,31.26214670,34.80357060
region_B_IMG_20260111_154213.jpg,B,31.26216970,34.80342690
region_B_IMG_20260111_154217.jpg,B,31.26216970,34.80342690
region_B_IMG_20260111_154224.jpg,B,31.26216970,34.80342690
region_B_IMG_20260111_154227.jpg,B,31.26216970,34.80342690
region_B_IMG_20260111_154231.jpg,B,31.26216970,34.80342690
region_B_IMG_20260111_154234.jpg,B,31.26216180,34.80326550
region_B_IMG_20260111_154237.jpg,B,31.26216180,34.80326550
region_B_IMG_20260111_154241.jpg,B,31.26216180,34.80326550
region_B_IMG_20260111_154258.jpg,B,31.26212320,34.80331350
region_B_IMG_20260111_154302.jpg,B,31.26212320,34.80331350
region_B_IMG_20260111_154306.jpg,B,31.26212320,34.80331350
region_B_IMG_20260111_154309.jpg,B,31.26212320,34.80331350
region_B_IMG_20260111_154313.jpg,B,31.26207250,34.80351040
region_B_IMG_20260111_154316.jpg,B,31.26207250,34.80351040
region_B_IMG_20260111_154320.jpg,B,31.26207250,34.80351040
region_B_IMG_20260111_154323.jpg,B,31.26207250,34.80351040
region_B_IMG_20260111_154326.jpg,B,31.26207250,34.80351040
region_B_IMG_20260111_154329.jpg,B,31.26207250,34.80351040
region_B_IMG_20260111_154332.jpg,B,31.26210500,34.80351320
region_B_IMG_20260111_154335.jpg,B,31.26210500,34.80351320
region_B_IMG_20260111_154339.jpg,B,31.26210500,34.80351320
region_B_IMG_20260111_154343.jpg,B,31.26210500,34.80351320
region_B_IMG_20260111_154347.jpg,B,31.26210500,34.80351320
region_B_IMG_20260111_154353.jpg,B,31.26212970,34.80359140
region_B_IMG_20260111_154410.jpg,B,31.26212970,34.80359140
region_B_IMG_20260111_154412.jpg,B,31.26212280,34.80358320
region_B_IMG_20260111_154416.jpg,B,31.26212280,34.80358320
region_B_IMG_20260111_154424.jpg,B,31.26212280,34.80358320
region_B_IMG_20260111_154429.jpg,B,31.26212280,34.80358320
region_B_IMG_20260111_154431.jpg,B,31.26213440,34.80352400
region_B_IMG_20260111_154438.jpg,B,31.26213440,34.80352400
region_B_IMG_20260111_154441.jpg,B,31.26213440,34.80352400
region_B_IMG_20260111_154444.jpg,B,31.26213440,34.80352400
region_B_IMG_20260111_154448.jpg,B,31.26213440,34.80352400
region_B_IMG_20260111_154450.jpg,B,31.26213440,34.80352400
region_B_IMG_20260111_154453.jpg,B,31.26214490,34.80345720
region_B_IMG_20260111_154457.jpg,B,31.26214490,34.80345720
region_B_IMG_20260111_154500.jpg,B,31.26214490,34.80345720
region_B_IMG_20260111_154502.jpg,B,31.26214490,34.80345720
region_B_IMG_20260111_154507.jpg,B,31.26214490,34.80345720
region_B_IMG_20260111_154516.jpg,B,31.26213960,34.80340800
region_B_IMG_20260111_154518.jpg,B,31.26213960,34.80340800
region_B_IMG_20260111_154523.jpg,B,31.26213960,34.80340800
region_B_IMG_20260111_154525.jpg,B,31.26213960,34.80340800
region_B_IMG_20260111_154527.jpg,B,31.26213960,34.80340800
region_B_IMG_20260111_154531.jpg,B,31.26213960,34.80340800
region_B_IMG_20260111_154533.jpg,B,31.26213430,34.80335810
region_B_IMG_20260111_154535.jpg,B,31.26213430,34.80335810
region_B_IMG_20260111_154539.jpg,B,31.26213430,34.80335810
region_B_IMG_20260111_154541.jpg,B,31.26213430,34.80335810
region_B_IMG_20260111_154543.jpg,B,31.26213430,34.80335810
region_B_IMG_20260111_154547.jpg,B,31.26213430,34.80335810
region_B_IMG_20260111_154549.jpg,B,31.26213430,34.80335810
region_B_IMG_20260111_154552.jpg,B,31.26217040,34.80330780
region_B_IMG_20260111_154556.jpg,B,31.26217040,34.80330780
region_B_IMG_20260111_154558.jpg,B,31.26217040,34.80330780
region_B_IMG_20260111_154601.jpg,B,31.26217040,34.80330780
region_B_IMG_20260111_154608.jpg,B,31.26217040,34.80330780
region_B_IMG_20260111_154612.jpg,B,31.26215540,34.80327690
region_B_IMG_20260111_154614.jpg,B,31.26215540,34.80327690
region_B_IMG_20260111_154637.jpg,B,31.26212600,34.80337040
region_B_IMG_20260111_154639.jpg,B,31.26212600,34.80337040
region_B_IMG_20260111_154641.jpg,B,31.26212600,34.80337040
region_B_IMG_20260111_154643.jpg,B,31.26212600,34.80337040
region_B_IMG_20260111_154649.jpg,B,31.26212600,34.80337040
region_B_IMG_20260111_154651.jpg,B,31.26212600,34.80337040
region_B_IMG_20260111_154654.jpg,B,31.26212000,34.80356000
region_B_IMG_20260111_154656.jpg,B,31.26212000,34.80356000
region_B_IMG_20260111_154738.jpg,B,31.26211667,34.80327667
region_B_IMG_20260111_154741.jpg,B,31.26211667,34.80327667
region_B_IMG_20260111_154743.jpg,B,31.26211667,34.80327667
region_B_IMG_20260111_154746.jpg,B,31.26211667,34.80327667
region_B_IMG_20260111_154752.jpg,B,31.26213830,34.80342710
region_B_IMG_20260111_154755.jpg,B,31.26213830,34.80342710
region_B_IMG_20260111_154759.jpg,B,31.26213830,34.80342710
region_B_IMG_20260111_154802.jpg,B,31.26213830,34.80342710
region_B_IMG_20260111_154808.jpg,B,31.26212710,34.80355470
region_B_IMG_20260111_154811.jpg,B,31.26212710,34.80355470
region_B_IMG_20260111_154813.jpg,B,31.26212710,34.80355470
region_B_IMG_20260111_154816.jpg,B,31.26212710,34.80355470
region_B_IMG_20260111_154822.jpg,B,31.26212710,34.80355470
region_B_IMG_20260111_154825.jpg,B,31.26212710,34.80355470
region_B_IMG_20260111_154827.jpg,B,31.26212710,34.80355470
region_B_IMG_20260111_154830.jpg,B,31.26212710,34.80355470
region_B_IMG_20260111_154835.jpg,B,31.26212710,34.80355470
region_B_IMG_20260111_154837.jpg,B,31.26212710,34.80355470
region_B_IMG_20260111_154839.jpg,B,31.26212710,34.80355470
region_B_IMG_20260111_154841.jpg,B,31.26212710,34.80355470
region_B_IMG_20260111_154847.jpg,B,31.26212710,34.80355470
region_B_IMG_20260111_154849.jpg,B,31.26212710,34.80355470
region_B_IMG_20260111_154851.jpg,B,31.26212710,34.80355470
region_B_IMG_20260111_154854.jpg,B,31.26212710,34.80355470
region_B_IMG_20260111_154901.jpg,B,31.26212710,34.80355470
region_B_IMG_20260111_154904.jpg,B,31.26212710,34.80355470
region_B_IMG_20260111_154907.jpg,B,31.26212710,34.80355470
region_B_IMG_20260111_154909.jpg,B,31.26212710,34.80355470
region_B_IMG_20260111_154915.jpg,B,31.26212710,34.80355470
region_B_IMG_20260111_154921.jpg,B,31.26212710,34.80355470
region_B_IMG_20260111_154924.jpg,B,31.26212710,34.80355470
region_B_IMG_20260111_154927.jpg,B,31.26212710,34.80355470
region_B_IMG_20260111_154958.jpg,B,31.26213610,34.80358600
region_B_IMG_20260111_155006.jpg,B,31.26213290,34.80357890
region_B_IMG_20260111_155008.jpg,B,31.26213290,34.80357890
region_B_IMG_20260111_155011.jpg,B,31.26213290,34.80357890
region_B_IMG_20260111_155016.jpg,B,31.26213290,34.80357890
region_B_IMG_20260111_155019.jpg,B,31.26213290,34.80357890
region_B_IMG_20260111_155021.jpg,B,31.26213290,34.80357890
region_B_IMG_20260111_155024.jpg,B,31.26213290,34.80357890
region_B_IMG_20260111_155030.jpg,B,31.26210140,34.80359590
region_B_IMG_20260111_155033.jpg,B,31.26210140,34.80359590
region_B_IMG_20260111_155035.jpg,B,31.26210140,34.80359590
region_B_IMG_20260111_155038.jpg,B,31.26210140,34.80359590
region_B_IMG_20260111_155044.jpg,B,31.26208010,34.80349480
region_B_IMG_20260111_155047.jpg,B,31.26208010,34.80349480
region_B_IMG_20260111_155049.jpg,B,31.26208010,34.80349480
region_B_IMG_20260111_155052.jpg,B,31.26208010,34.80349480
region_B_IMG_20260111_155059.jpg,B,31.26208010,34.80349480
region_B_IMG_20260111_155102.jpg,B,31.26208010,34.80349480
region_B_IMG_20260111_155104.jpg,B,31.26211890,34.80354080
region_B_IMG_20260111_155107.jpg,B,31.26211890,34.80354080
region_B_IMG_20260111_155115.jpg,B,31.26211890,34.80354080
region_B_IMG_20260111_155117.jpg,B,31.26211890,34.80354080
region_B_IMG_20260111_155120.jpg,B,31.26211890,34.80354080
region_B_IMG_20260111_155122.jpg,B,31.26211890,34.80354080
region_B_IMG_20260111_155130.jpg,B,31.26204810,34.80354570
region_B_IMG_20260111_155132.jpg,B,31.26204810,34.80354570
region_B_IMG_20260111_155135.jpg,B,31.26204810,34.80354570
region_B_IMG_20260111_155138.jpg,B,31.26204810,34.80354570
region_B_IMG_20260111_155144.jpg,B,31.26204810,34.80354570
region_B_IMG_20260111_155146.jpg,B,31.26211560,34.80342400
region_B_IMG_20260111_155148.jpg,B,31.26211560,34.80342400
region_B_IMG_20260111_155150.jpg,B,31.26211560,34.80342400
region_B_IMG_20260111_155155.jpg,B,31.26211560,34.80342400
region_B_IMG_20260111_155158.jpg,B,31.26211560,34.80342400
region_B_IMG_20260111_155200.jpg,B,31.26211560,34.80342400
region_B_IMG_20260111_155203.jpg,B,31.26211560,34.80342400
region_B_IMG_20260111_155209.jpg,B,31.26213260,34.80358380
region_B_IMG_20260111_155211.jpg,B,31.26213260,34.80358380
region_B_IMG_20260111_155213.jpg,B,31.26213260,34.80358380
region_B_IMG_20260111_155216.jpg,B,31.26213260,34.80358380
region_B_IMG_20260111_155223.jpg,B,31.26213260,34.80358380
region_B_IMG_20260111_155226.jpg,B,31.26212590,34.80353330
region_B_IMG_20260111_155228.jpg,B,31.26212590,34.80353330
region_B_IMG_20260111_155230.jpg,B,31.26212590,34.80353330
region_B_IMG_20260111_155235.jpg,B,31.26212590,34.80353330
region_B_IMG_20260111_155240.jpg,B,31.26212590,34.80353330
region_B_IMG_20260111_155243.jpg,B,31.26212590,34.80353330
region_B_IMG_20260111_155247.jpg,B,31.26212510,34.80359150
region_B_IMG_20260111_155254.jpg,B,31.26212510,34.80359150
region_B_IMG_20260111_155257.jpg,B,31.26212510,34.80359150
region_B_IMG_20260111_155306.jpg,B,31.26213950,34.80354340
region_B_IMG_20260111_155309.jpg,B,31.26213950,34.80354340
region_B_IMG_20260111_155321.jpg,B,31.26213950,34.80354340
region_B_IMG_20260111_155326.jpg,B,31.26212650,34.80356160
region_B_IMG_20260111_155329.jpg,B,31.26212650,34.80356160
region_B_IMG_20260111_155332.jpg,B,31.26212650,34.80356160
region_B_IMG_20260111_155338.jpg,B,31.26212650,34.80356160
region_B_IMG_20260111_155340.jpg,B,31.26212650,34.80356160
region_B_IMG_20260111_155343.jpg,B,31.26212650,34.80356160
region_B_IMG_20260111_155345.jpg,B,31.26204900,34.80349900
region_B_IMG_20260111_155357.jpg,B,31.26204900,34.80349900
region_B_IMG_20260111_155359.jpg,B,31.26204900,34.80349900
region_B_IMG_20260111_155401.jpg,B,31.26204900,34.80349900
region_B_IMG_20260111_155403.jpg,B,31.26204900,34.80349900
region_B_IMG_20260111_155409.jpg,B,31.26210000,34.80359340
region_B_IMG_20260111_155412.jpg,B,31.26210000,34.80359340
region_B_IMG_20260111_155414.jpg,B,31.26210000,34.80359340
region_B_IMG_20260111_155416.jpg,B,31.26210000,34.80359340
region_B_IMG_20260111_155421.jpg,B,31.26210000,34.80359340
region_B_IMG_20260111_155424.jpg,B,31.26210000,34.80359340
region_B_IMG_20260111_155426.jpg,B,31.26209890,34.80360290
region_B_IMG_20260111_155428.jpg,B,31.26209890,34.80360290
region_B_IMG_20260111_155434.jpg,B,31.26209890,34.80360290
region_B_IMG_20260111_155436.jpg,B,31.26209890,34.80360290
region_B_IMG_20260111_155439.jpg,B,31.26209890,34.80360290
region_B_IMG_20260111_155441.jpg,B,31.26209890,34.80360290
region_B_IMG_20260111_155447.jpg,B,31.26208630,34.80353900
region_B_IMG_20260111_155449.jpg,B,31.26208630,34.80353900
region_B_IMG_20260111_155452.jpg,B,31.26208630,34.80353900
region_B_IMG_20260111_155455.jpg,B,31.26208630,34.80353900
region_B_IMG_20260111_155503.jpg,B,31.26208630,34.80353900
region_B_IMG_20260111_155505.jpg,B,31.26202440,34.80358890
region_B_IMG_20260111_155508.jpg,B,31.26202440,34.80358890
region_B_IMG_20260111_155510.jpg,B,31.26202440,34.80358890
region_B_IMG_20260111_155516.jpg,B,31.26202440,34.80358890
region_B_IMG_20260111_155519.jpg,B,31.26202440,34.80358890
region_B_IMG_20260111_155521.jpg,B,31.26202440,34.80358890
region_B_IMG_20260111_155524.jpg,B,31.26202440,34.80358890
region_B_IMG_20260111_155530.jpg,B,31.26209560,34.80356560
region_B_IMG_20260111_155533.jpg,B,31.26209560,34.80356560
region_B_IMG_20260111_155536.jpg,B,31.26209560,34.80356560
region_B_IMG_20260111_155538.jpg,B,31.26209560,34.80356560
region_B_IMG_20260111_155544.jpg,B,31.26209560,34.80356560
region_B_IMG_20260111_155547.jpg,B,31.26194700,34.80350670
region_B_IMG_20260111_155549.jpg,B,31.26194700,34.80350670
region_B_IMG_20260111_155552.jpg,B,31.26194700,34.80350670
region_B_IMG_20260111_155558.jpg,B,31.26194700,34.80350670
region_B_IMG_20260111_155600.jpg,B,31.26194700,34.80350670
region_B_IMG_20260111_155603.jpg,B,31.26194700,34.80350670
region_B_IMG_20260111_155605.jpg,B,31.26211520,34.80358480
region_B_IMG_20260111_155610.jpg,B,31.26211520,34.80358480
region_B_IMG_20260111_155613.jpg,B,31.26211520,34.80358480
region_B_IMG_20260111_155615.jpg,B,31.26211520,34.80358480
region_B_IMG_20260111_155618.jpg,B,31.26211520,34.80358480
region_B_IMG_20260111_155623.jpg,B,31.26211520,34.80358480
region_B_IMG_20260111_155625.jpg,B,31.26197320,34.80346790
region_B_IMG_20260111_155628.jpg,B,31.26197320,34.80346790
region_B_IMG_20260111_155630.jpg,B,31.26197320,34.80346790
region_B_IMG_20260111_155635.jpg,B,31.26197320,34.80346790
region_B_IMG_20260111_155638.jpg,B,31.26197320,34.80346790
region_B_IMG_20260111_155640.jpg,B,31.26197320,34.80346790
region_B_IMG_20260111_155643.jpg,B,31.26197320,34.80346790
region_B_IMG_20260111_155647.jpg,B,31.26212290,34.80358770
region_B_IMG_20260111_155650.jpg,B,31.26212290,34.80358770
region_B_IMG_20260111_155652.jpg,B,31.26212290,34.80358770
region_B_IMG_20260111_155655.jpg,B,31.26212290,34.80358770
region_B_IMG_20260111_155703.jpg,B,31.26212290,34.80358770
region_B_IMG_20260111_155705.jpg,B,31.26212860,34.80354770
region_B_IMG_20260111_155708.jpg,B,31.26212860,34.80354770
region_B_IMG_20260111_155711.jpg,B,31.26212860,34.80354770
region_B_IMG_20260111_155723.jpg,B,31.26212860,34.80354770
region_B_IMG_20260111_155725.jpg,B,31.26210120,34.80357390
region_B_IMG_20260111_155727.jpg,B,31.26210120,34.80357390
region_B_IMG_20260111_155729.jpg,B,31.26210120,34.80357390
region_B_IMG_20260111_155734.jpg,B,31.26210120,34.80357390
region_B_IMG_20260111_155738.jpg,B,31.26210120,34.80357390
region_B_IMG_20260111_155740.jpg,B,31.26210120,34.80357390
region_B_IMG_20260111_155743.jpg,B,31.26210120,34.80357390
region_B_IMG_20260111_155747.jpg,B,31.26211450,34.80355010
region_B_IMG_20260111_155750.jpg,B,31.26211450,34.80355010
region_B_IMG_20260111_155752.jpg,B,31.26211450,34.80355010
region_B_IMG_20260111_155755.jpg,B,31.26211450,34.80355010
region_B_IMG_20260111_155800.jpg,B,31.26211450,34.80355010
region_B_IMG_20260111_155802.jpg,B,31.26211450,34.80355010
region_B_IMG_20260111_155804.jpg,B,31.26205980,34.80356490
region_B_IMG_20260111_155806.jpg,B,31.26205980,34.80356490
region_B_IMG_20260111_155809.jpg,B,31.26205980,34.80356490
region_B_IMG_20260111_155813.jpg,B,31.26205980,34.80356490
region_B_IMG_20260111_155815.jpg,B,31.26205980,34.80356490
region_B_IMG_20260111_155817.jpg,B,31.26205980,34.80356490
region_B_IMG_20260111_155820.jpg,B,31.26205980,34.80356490
region_B_IMG_20260111_155827.jpg,B,31.26206510,34.80355220
region_B_IMG_20260111_155830.jpg,B,31.26206510,34.80355220
region_B_IMG_20260111_155832.jpg,B,31.26206510,34.80355220
region_B_IMG_20260111_155834.jpg,B,31.26206510,34.80355220
region_B_IMG_20260111_155840.jpg,B,31.26206510,34.80355220
region_B_IMG_20260111_155843.jpg,B,31.26206510,34.80355220
region_B_IMG_20260111_155845.jpg,B,31.26192970,34.80350600
region_B_IMG_20260111_155847.jpg,B,31.26192970,34.80350600
